-- =============================================================================
-- Tiandy Store — catalog data. Run AFTER 0001_store_schema.sql on the new project.
-- Row counts: categories=9, settings=9, banners=5, products=114.
-- (orders / quotes / profiles / etc. are intentionally not migrated — empty
--  or recreated. Product/category image URLs point at the old project's public
--  storage and keep working; re-upload to store-media later if desired.)
-- =============================================================================

-- ----- categories (9) -----
INSERT INTO store.categories (id,slug,name_he,sort,image_url,created_at) VALUES ('2d0e6802-ee0a-44e5-8b79-d273e1db8d45','video-intercom','אינטרקום וידאו','6',NULL,'2026-05-29 18:50:06.125754+00'),
('00773574-0a46-46a7-a268-2f5358fe225b','ip-cameras','מצלמות IP','1','https://ifdmvdurljbrnkezrohd.supabase.co/storage/v1/object/public/tiandy-il-media/categories/ip-cameras.png','2026-05-29 18:50:06.125754+00'),
('1ebd395c-f8ff-45ec-8ff2-27e4fe8112df','ptz-cameras','מצלמות PTZ','2','https://ifdmvdurljbrnkezrohd.supabase.co/storage/v1/object/public/tiandy-il-media/categories/ptz-cameras.png','2026-05-29 18:50:06.125754+00'),
('42201d51-2ce9-4339-9f16-2eb58f450407','nvr','מערכות NVR','3','https://ifdmvdurljbrnkezrohd.supabase.co/storage/v1/object/public/tiandy-il-media/categories/nvr.png','2026-05-29 18:50:06.125754+00'),
('8f0eb172-f64e-43ae-9d4f-96859b2c42e3','ai-cameras','מצלמות AI','4','https://ifdmvdurljbrnkezrohd.supabase.co/storage/v1/object/public/tiandy-il-media/categories/ai-cameras.png','2026-05-29 18:50:06.125754+00'),
('a78ff540-8c9d-4a2e-9251-5d0e4813e46e','access-control','בקרת כניסה','5','https://ifdmvdurljbrnkezrohd.supabase.co/storage/v1/object/public/tiandy-il-media/categories/access-control.jpg','2026-05-29 18:50:06.125754+00'),
('42f27ddf-2a90-41b8-a4f8-efe40e1b1597','ak-series','מצלמות AK','10','https://ifdmvdurljbrnkezrohd.supabase.co/storage/v1/object/public/tiandy-il-media/categories/ak-series.png','2026-05-30 14:32:58.388162+00'),
('06544454-0980-4bac-accd-6738ff2bc7d7','poe-switches','מתגי PoE','20','https://ifdmvdurljbrnkezrohd.supabase.co/storage/v1/object/public/tiandy-il-media/categories/poe-switches.jpg','2026-05-30 14:32:58.388162+00'),
('3f709024-1468-4a8b-986f-54e9876fc310','wireless','מצלמות אלחוטיות','30','https://ifdmvdurljbrnkezrohd.supabase.co/storage/v1/object/public/tiandy-il-media/categories/wireless.png','2026-05-30 14:32:58.388162+00') ON CONFLICT (id) DO NOTHING;

-- ----- settings (9) -----
INSERT INTO store.settings (key,value,updated_at) VALUES ('hero_image_url','https://images.unsplash.com/photo-1551808525-51a94da548ce?w=1600&q=80','2026-05-30 14:44:19.059378+00'),
('hero_title','טכנולוגיית מעקב חכמה לכל סביבה','2026-05-30 14:44:19.059378+00'),
('hero_subtitle','מצלמות רשת, מקליטים, בקרת כניסה ואנליטיקת וידאו מבוססת בינה מלאכותית — מותאמים לעסקים, מוסדות ותעשייה בישראל.','2026-05-30 14:44:19.059378+00'),
('vat_rate','17','2026-06-01 20:00:47.487881+00'),
('business_name','','2026-06-01 20:00:47.487881+00'),
('business_tax_id','','2026-06-01 20:00:47.487881+00'),
('business_address','','2026-06-01 20:00:47.487881+00'),
('business_phone','','2026-06-01 20:00:47.487881+00'),
('business_email','','2026-06-01 20:00:47.487881+00') ON CONFLICT (key) DO NOTHING;

-- ----- banners (5) -----
INSERT INTO store.banners (id,image_url,link_url,title_he,position,is_active,sort,created_at) VALUES ('8a4e6dd5-f490-4acd-9d6b-24b4a136c6fa','https://bsg-i.nbxc.com/upload/1540/976/f55f03874faf87e512d46e9bc3236b0d.jpg',NULL,NULL,'hero','t','10','2026-05-31 18:34:11.369177+00'),
('9084c949-dcc8-4f02-b1ef-d0a1b42b3930','https://bsg-i.nbxc.com/upload/1540/976/f45d0f23d745437f6701b0ff5694c99e.jpg',NULL,NULL,'hero','t','20','2026-05-31 18:34:11.369177+00'),
('520b9c31-d384-4352-a743-36d9ed8877e0','https://bsg-i.nbxc.com/upload/1540/976/6ceaf4be93a18a94d679bf2ed9535781.jpg',NULL,NULL,'hero','t','30','2026-05-31 18:34:11.369177+00'),
('956659f0-75cf-473d-8440-e35c6b74a125','https://bsg-i.nbxc.com/upload/1540/976/fcb92bb50b5aba9cf1a95f942667a746.jpg',NULL,NULL,'promo','t','10','2026-05-31 18:34:11.369177+00'),
('ab22ba1d-1e68-456a-a0bc-61bbc22f78cf','https://bsg-i.nbxc.com/upload/1540/976/a9346d3f21f87f74fd835c4de38af639.jpg',NULL,NULL,'mid','t','10','2026-05-31 18:34:11.369177+00') ON CONFLICT (id) DO NOTHING;

-- ----- products (114) -----
INSERT INTO store.products (id,category_id,slug,name_he,short_desc_he,description_he,image_url,datasheet_url,specs,is_featured,sort,sku,price,currency,stock,min_order_qty,is_orderable,created_at,updated_at,deleted_at,reorder_point,price_contractor) VALUES ('fe2f9726-c015-45f6-aae2-c5d1dc581ed5','42f27ddf-2a90-41b8-a4f8-efe40e1b1597','tc-c320n-1cnb-28','TC-C320N 1CNB-28',NULL,NULL,'https://bsg-i.nbxc.com/product/88/2e/dc/fa52a71fa1c4e13cbd996bd0f0.png',NULL,'{}'::jsonb,'f','710','TC-C320N-1CNB-28','605.00','ILS','40','1','t','2026-05-31 18:30:57.593339+00','2026-05-31 18:30:57.593339+00',NULL,'0','605.00'),
('e0646c0b-93f0-4d6e-9323-5c51431ee7ff','42f27ddf-2a90-41b8-a4f8-efe40e1b1597','tc-c320n-1gna-28','TC-C320N 1GNA-28',NULL,NULL,'https://bsg-i.nbxc.com/product/4f/ba/3f/b79c9f4eef92b88ce7da8c8f8f.png',NULL,'{}'::jsonb,'f','720','TC-C320N-1GNA-28','510.00','ILS','25','1','t','2026-05-31 18:30:57.593339+00','2026-05-31 18:30:57.593339+00',NULL,'0','510.00'),
('15c68225-f3f8-46a1-98d2-d08ac1d30d64','42f27ddf-2a90-41b8-a4f8-efe40e1b1597','tc-c321n-1cnb-28','TC-C321N 1CNB-28',NULL,NULL,'https://bsg-i.nbxc.com/product/cd/04/a3/9f2ad5227efcaf623c6d3594b4.png',NULL,'{}'::jsonb,'f','730','TC-C321N-1CNB-28','603.00','ILS','38','1','t','2026-05-31 18:30:57.593339+00','2026-05-31 18:30:57.593339+00',NULL,'0','603.00'),
('918803a2-72fe-4b69-95f7-94ace114d426','42f27ddf-2a90-41b8-a4f8-efe40e1b1597','tc-c321n-1cnb-4','TC-C321N 1CNB-4',NULL,NULL,'https://bsg-i.nbxc.com/product/cd/04/a3/9f2ad5227efcaf623c6d3594b4.png',NULL,'{}'::jsonb,'f','740','TC-C321N-1CNB-4','551.00','ILS','26','1','t','2026-05-31 18:30:57.593339+00','2026-05-31 18:30:57.593339+00',NULL,'0','551.00'),
('4886c741-587e-49b4-91a9-4019b1f9e901','42f27ddf-2a90-41b8-a4f8-efe40e1b1597','tc-c321n-1gna-28','TC-C321N 1GNA-28',NULL,NULL,'https://bsg-i.nbxc.com/product/e8/5d/cd/183e68c3b266fce03f3fafa6d0.png',NULL,'{}'::jsonb,'f','750','TC-C321N-1GNA-28','575.00','ILS','50','1','t','2026-05-31 18:30:57.593339+00','2026-05-31 18:30:57.593339+00',NULL,'0','575.00'),
('31af4680-2e85-4afe-b4f5-cdbe6108db0f','00773574-0a46-46a7-a268-2f5358fe225b','tc-c324s-2eta-4','TC-C324S 2ETA-4',NULL,NULL,'https://bsg-i.nbxc.com/product/18/bb/52/f4aecf6b3311cf9c608189e203.png',NULL,'{}'::jsonb,'f','760','TC-C324S-2ETA-4','580.00','ILS','15','1','t','2026-05-31 18:30:57.593339+00','2026-05-31 18:30:57.593339+00',NULL,'0','580.00'),
('476053c7-942e-4d93-be26-63e2146c15c3','00773574-0a46-46a7-a268-2f5358fe225b','tc-c344s-2eta-4','TC-C344S 2ETA-4',NULL,NULL,'https://bsg-i.nbxc.com/product/18/bb/52/f4aecf6b3311cf9c608189e203.png',NULL,'{}'::jsonb,'f','770','TC-C344S-2ETA-4','531.00','ILS','46','1','t','2026-05-31 18:30:57.593339+00','2026-05-31 18:30:57.593339+00',NULL,'0','531.00'),
('e81b19e3-7a4f-47a1-a7e0-d5baa8dda865','00773574-0a46-46a7-a268-2f5358fe225b','tc-c344s-2eta-28','TC-C344S 2ETA-28',NULL,NULL,'https://bsg-i.nbxc.com/product/18/bb/52/f4aecf6b3311cf9c608189e203.png',NULL,'{}'::jsonb,'f','780','TC-C344S-2ETA-28','594.00','ILS','29','1','t','2026-05-31 18:30:57.593339+00','2026-05-31 18:30:57.593339+00',NULL,'0','594.00'),
('d65bbf22-4d30-4f96-8b84-539a5c783089','00773574-0a46-46a7-a268-2f5358fe225b','tc-c345n-2ana-28','TC-C345N 2ANA-28',NULL,NULL,'https://bsg-i.nbxc.com/product/79/48/f4/39ae26ec5adc3547864f300695.png',NULL,'{}'::jsonb,'f','790','TC-C345N-2ANA-28','605.00','ILS','40','1','t','2026-05-31 18:30:57.593339+00','2026-05-31 18:30:57.593339+00',NULL,'0','605.00'),
('ca405851-979b-4d1a-b1e3-6a7678cd2f88','00773574-0a46-46a7-a268-2f5358fe225b','tc-c385n-2ana-28','TC-C385N 2ANA-28',NULL,NULL,'https://bsg-i.nbxc.com/product/79/48/f4/39ae26ec5adc3547864f300695.png',NULL,'{}'::jsonb,'f','800','TC-C385N-2ANA-28','512.00','ILS','27','1','t','2026-05-31 18:30:57.593339+00','2026-05-31 18:30:57.593339+00',NULL,'0','512.00'),
('c74b0e1b-a879-4e63-a6f8-2bcc17797d7a','00773574-0a46-46a7-a268-2f5358fe225b','tc-c38rn-2ana-28','TC-C38RN 2ANA-28',NULL,NULL,'https://bsg-i.nbxc.com/product/1c/c7/c7/44c33c5d01ef2cfc79589da1b7.png',NULL,'{}'::jsonb,'f','810','TC-C38RN-2ANA-28','593.00','ILS','28','1','t','2026-05-31 18:30:57.593339+00','2026-05-31 18:30:57.593339+00',NULL,'0','593.00'),
('86faa320-acd5-4e95-9cad-4419287dbc6d','00773574-0a46-46a7-a268-2f5358fe225b','tc-c34sv-4mra-28','TC-C34SV 4MRA-28',NULL,NULL,'https://bsg-i.nbxc.com/product/04/ad/12/47206ce9d6e1dd78e77dd44dbe.png',NULL,'{}'::jsonb,'f','820','TC-C34SV-4MRA-28','563.00','ILS','38','1','t','2026-05-31 18:30:57.593339+00','2026-05-31 18:30:57.593339+00',NULL,'0','563.00'),
('5bf150f0-b16d-4bc5-bc49-322b4ed06010','00773574-0a46-46a7-a268-2f5358fe225b','tc-c35ts','TC-C35TS Spec:I8/A/E/Y/M/H/2.7-13.5mm/V4.1',NULL,NULL,'https://bsg-i.nbxc.com/product/53/d1/e3/273582eea378562b71cad8bc3e.png',NULL,'{}'::jsonb,'f','830','TC-C35TS','594.00','ILS','29','1','t','2026-05-31 18:30:57.593339+00','2026-05-31 18:30:57.593339+00',NULL,'0','594.00'),
('bb42573c-6e12-41bb-a246-6fefb7de3a07','00773574-0a46-46a7-a268-2f5358fe225b','tc-c32wn-3era-4','TC-C32WN 3ERA-4',NULL,NULL,'https://bsg-i.nbxc.com/product/0b/13/13/95594c024d071979361ff417ab.png',NULL,'{}'::jsonb,'f','840','TC-C32WN-3ERA-4','546.00','ILS','21','1','t','2026-05-31 18:30:57.593339+00','2026-05-31 18:30:57.593339+00',NULL,'0','546.00'),
('8ba19227-fa3d-48f9-b1c7-80ce509d0745','00773574-0a46-46a7-a268-2f5358fe225b','tc-c386v-4lha-28','TC-C386V 4LHA-28',NULL,NULL,'https://bsg-i.nbxc.com/product/e5/81/fb/cc0fffc039429ef9556582fd42.png',NULL,'{}'::jsonb,'f','850','TC-C386V-4LHA-28','560.00','ILS','35','1','t','2026-05-31 18:30:57.593339+00','2026-05-31 18:30:57.593339+00',NULL,'0','560.00'),
('fa11bd40-3847-449a-bda9-d4ce9c9e7c36','3f709024-1468-4a8b-986f-54e9876fc310','tc-h333d-9db-4','TC-H333D 9DB-4',NULL,NULL,'https://bsg-i.nbxc.com/product/0a/20/24/bf3b50dc5b7f5cf041274a31d2.png',NULL,'{}'::jsonb,'f','860','TC-H333D-9DB-4','513.00','ILS','28','1','t','2026-05-31 18:30:57.593339+00','2026-05-31 18:30:57.593339+00',NULL,'0','513.00'),
('1a7c0f7d-9017-4728-93f5-0bfa3cdd7332','3f709024-1468-4a8b-986f-54e9876fc310','tc-c34cn-9ata-28','TC-C34CN 9ATA-28',NULL,NULL,'https://bsg-i.nbxc.com/product/aa/06/1c/023c99aa2d90b383c927a744f0.png',NULL,'{}'::jsonb,'f','870','TC-C34CN-9ATA-28','567.00','ILS','42','1','t','2026-05-31 18:30:57.593339+00','2026-05-31 18:30:57.593339+00',NULL,'0','567.00'),
('db4f0739-9b6a-4ec0-a890-313960c14dca','1ebd395c-f8ff-45ec-8ff2-27e4fe8112df','tc-h358m','TC-H358M Spec:44X/IT/A',NULL,NULL,'https://bsg-i.nbxc.com/product/d0/db/84/13b327642123f3dd4f8ddfbe0d.png',NULL,'{}'::jsonb,'f','880','TC-H358M','561.00','ILS','36','1','t','2026-05-31 18:30:57.593339+00','2026-05-31 18:30:57.593339+00',NULL,'0','561.00'),
('8b711082-b87f-4720-ba33-5ba18beee3bd','1ebd395c-f8ff-45ec-8ff2-27e4fe8112df','tc-a35555','TC-A35555 Spec:0/A/2.8-12mm/9-54mm/V2.0',NULL,NULL,'https://bsg-i.nbxc.com/product/80/70/a4/44d199a8549c6d6f2c114cb2d2.png',NULL,'{}'::jsonb,'f','890','TC-A35555','592.00','ILS','27','1','t','2026-05-31 18:30:57.593339+00','2026-05-31 18:30:57.593339+00',NULL,'0','592.00'),
('79e29a46-7d23-46b6-bcec-c0dc27c8c053','1ebd395c-f8ff-45ec-8ff2-27e4fe8112df','tc-h3169m','TC-H3169M Spec:63X/LW/P/A/AR',NULL,NULL,'https://bsg-i.nbxc.com/product/35/fb/d8/fb723864283e3617c445190231.png',NULL,'{}'::jsonb,'f','900','TC-H3169M','611.00','ILS','46','1','t','2026-05-31 18:30:57.593339+00','2026-05-31 18:30:57.593339+00',NULL,'0','611.00'),
('7a6e5fa7-2538-4c6d-9792-d9359748096d','42201d51-2ce9-4339-9f16-2eb58f450407','tc-r3120-2mc','TC-R3120 2MC',NULL,NULL,'https://bsg-i.nbxc.com/product/2d/58/be/602269b78edf98b6ae7c494e1b.png',NULL,'{}'::jsonb,'f','910','TC-R3120-2MC','612.00','ILS','47','1','t','2026-05-31 18:30:57.593339+00','2026-05-31 18:30:57.593339+00',NULL,'0','612.00'),
('2dd3a302-6c21-4a52-81d8-ab52752e0211','42201d51-2ce9-4339-9f16-2eb58f450407','tc-r31680','TC-R31680 Spec:E/B/R/N/V4.3',NULL,NULL,'https://bsg-i.nbxc.com/product/de/41/89/f9a50ac454e2615a337f389487.png',NULL,'{}'::jsonb,'f','920','TC-R31680','511.00','ILS','26','1','t','2026-05-31 18:30:57.593339+00','2026-05-31 18:30:57.593339+00',NULL,'0','511.00'),
('3a6b205c-c509-4f1b-955d-119ac8dc2fcd','06544454-0980-4bac-accd-6738ff2bc7d7','tc-p3s06-2','TC-P3S06 Spec:H/0402/AT/60',NULL,NULL,'https://bsg-i.nbxc.com/product/95/06/3e/ffc0a8319bee4ee98de0822991.jpg',NULL,'{}'::jsonb,'f','930','TC-P3S06-2','513.00','ILS','28','1','t','2026-05-31 18:30:57.593339+00','2026-05-31 18:30:57.593339+00',NULL,'0','513.00'),
('a989d6bd-38d1-45ca-868b-1067b7569562','00773574-0a46-46a7-a268-2f5358fe225b','tc-c34uv-3frb-4','TC-C34UV 3FRB-4','Polor Day · 4MP · Fixed 4mm','1/1.8" CMOS, F1.0, Fixed Iris, 120dB, 0.0001Lux, 2688x1520@25fps, 512GB SD card slot, Built-in Mic, Reset Button, IP67, PoE, metal+plastic housing, Support tripwire, perimeter+Human/Vehicle Classification','https://bsg-i.nbxc.com/product/e5/81/fb/cc0fffc039429ef9556582fd42.png',NULL,'{"lens": "Fixed 4mm", "series": "Polor Day", "resolution": "4MP"}'::jsonb,'f','160','TC-C34UV-3FRB-4','591.00','ILS','46','1','t','2026-05-30 14:34:45.450192+00','2026-05-30 14:34:45.450192+00',NULL,'0','591.00'),
('b2bce640-4ad9-4208-aaba-6d770bf0b167','00773574-0a46-46a7-a268-2f5358fe225b','tc-c35uv','TC-C35UV Spec:W/E/Y/M/S/4mm','Polor Day · 5MP · Fixed 4mm','1/1.8" CMOS, F1.0, Fixed Iris, 120dB, 0.0001Lux, 2880x1620@25fps, 512GB SD card slot, Built-in Mic, Reset Button, IP67, PoE, full metal housing, Support tripwire, perimeter+Human/Vehicle Classification','https://bsg-i.nbxc.com/product/79/27/aa/ad755a1460cc2919f2cf98179b.png',NULL,'{"lens": "Fixed 4mm", "series": "Polor Day", "resolution": "5MP"}'::jsonb,'f','102','TC-C35UV','819.00','ILS','34','1','t','2026-05-30 14:34:45.450192+00','2026-05-30 14:34:45.450192+00',NULL,'0','819.00'),
('00bfd996-a077-41b0-9daf-a6539c696a5a','00773574-0a46-46a7-a268-2f5358fe225b','tc-c382v','TC-C382V Spec:W/E/Y/S/H/2.8mm','Polor Day · 8MP · Fixed 2.8mm','1/2.7" CMOS, F1.0, Fixed Iris, True WDR, 0.0001Lux, Up to 4640x1728@25fps, 512GB SD card slot, Built-in Mic+Speaker, audio I/O 1/1, alarm I/O 1/1, IP67, ONVIF Profile S/T/G/M, Support tripwire, perimeter+Human/Vehicle Classification','https://bsg-i.nbxc.com/product/e5/81/fb/cc0fffc039429ef9556582fd42.png',NULL,'{"lens": "Fixed 2.8mm", "series": "Polor Day", "resolution": "8MP"}'::jsonb,'f','90','TC-C382V','1066.00','ILS','31','1','t','2026-05-30 14:34:45.450192+00','2026-05-30 14:34:45.450192+00',NULL,'0','1066.00'),
('8bf1d982-fa15-4bf0-b571-f34ee530ed0d','00773574-0a46-46a7-a268-2f5358fe225b','tc-c34qn-2ena-28','TC-C34QN 2ENA-28','Color Maker · 4MP · Fixed 2.8mm','1/3" CMOS, F1.6, 4MP, 2560x1440@30fps. S+265/H.265/H.264. Color:0.001Lux, B/W:0Lux with IR. IR range up to 30m, Built-in Mic, PoE, IP67, Aluminum Plastic housing, SMD1.0','https://bsg-i.nbxc.com/product/18/bb/52/f4aecf6b3311cf9c608189e203.png',NULL,'{"lens": "Fixed 2.8mm", "series": "Color Maker", "resolution": "4MP"}'::jsonb,'f','186','TC-C34QN-2ENA-28','563.00','ILS','18','1','t','2026-05-30 14:34:45.450192+00','2026-05-30 14:34:45.450192+00',NULL,'0','563.00'),
('27a6a0f1-c208-4df9-9e8e-7341baff0b4a','00773574-0a46-46a7-a268-2f5358fe225b','tc-c34qn-2ena-4','TC-C34QN 2ENA-4','Color Maker · 4MP · Fixed 4mm','1/3" CMOS, F1.6, 4MP, 2560x1440@30fps. S+265/H.265/H.264. Color:0.001Lux, B/W:0Lux with IR. IR range up to 30m, Built-in Mic, PoE, IP67, Aluminum Plastic housing, SMD1.0','https://bsg-i.nbxc.com/product/18/bb/52/f4aecf6b3311cf9c608189e203.png',NULL,'{"lens": "Fixed 4mm", "series": "Color Maker", "resolution": "4MP"}'::jsonb,'f','188','TC-C34QN-2ENA-4','638.00','ILS','53','1','t','2026-05-30 14:34:45.450192+00','2026-05-30 14:34:45.450192+00',NULL,'0','638.00'),
('19a9ba95-9138-4273-964a-36320e2fe7d2','00773574-0a46-46a7-a268-2f5358fe225b','tc-c34xn-2ena-28','TC-C34XN 2ENA-28','Color Maker · 4MP · 2.8mm','1/3" CMOS, F1.6, 4MP, 2560x1440@30fps. S+265/H.265/H.264. Color:0.001Lux, B/W:0Lux with IR. IR range up to 30m, Built-in Mic, PoE, IP66, Aluminum Plastic housing, SMD1.0','https://bsg-i.nbxc.com/product/e5/81/fb/cc0fffc039429ef9556582fd42.png',NULL,'{"lens": "2.8mm", "series": "Color Maker", "resolution": "4MP"}'::jsonb,'f','187','TC-C34XN-2ENA-28','605.00','ILS','20','1','t','2026-05-30 14:34:45.450192+00','2026-05-30 14:34:45.450192+00',NULL,'0','605.00'),
('602cea93-e0c7-44bf-b690-101ffc72ead3','00773574-0a46-46a7-a268-2f5358fe225b','tc-c34ks-2ata-28','TC-C34KS 2ATA-28','Color Maker',NULL,'https://bsg-i.nbxc.com/product/cd/04/a3/9f2ad5227efcaf623c6d3594b4.png',NULL,'{"series": "Color Maker"}'::jsonb,'f','189','TC-C34KS-2ATA-28','549.00','ILS','24','1','t','2026-05-30 14:34:45.450192+00','2026-05-30 14:34:45.450192+00',NULL,'0','549.00'),
('65c22418-db91-405b-862f-aa61b953831e','00773574-0a46-46a7-a268-2f5358fe225b','tc-c35ws-3era-28','TC-C35WS 3ERA-28','Color Maker · 5MP · Fixed 2.8mm','1/2.7" CMOS, F1.6, Fixed Iris, 120dB, 50m IR, 0.002Lux, 3072x1728@20fps, 512GB SD card slot, Built-in Mic, Reset Button, IP67, PoE','https://bsg-i.nbxc.com/product/66/0c/76/92f253489da6625cce54277406.png',NULL,'{"lens": "Fixed 2.8mm", "series": "Color Maker", "resolution": "5MP"}'::jsonb,'f','146','TC-C35WS-3ERA-28','723.00','ILS','18','1','t','2026-05-30 14:34:45.450192+00','2026-05-30 14:34:45.450192+00',NULL,'0','723.00'),
('c3c59718-d5b9-4503-8f69-700731c3b658','00773574-0a46-46a7-a268-2f5358fe225b','tc-c35ws-3era-4','TC-C35WS 3ERA-4','Color Maker · 5MP · Fixed 4mm','1/2.7" CMOS, F1.6, Fixed Iris, 120dB, 50m IR, 0.002Lux, 3072x1728@20fps, 512GB SD card slot, Built-in Mic, Reset Button, IP67, PoE','https://bsg-i.nbxc.com/product/66/0c/76/92f253489da6625cce54277406.png',NULL,'{"lens": "Fixed 4mm", "series": "Color Maker", "resolution": "5MP"}'::jsonb,'f','167','TC-C35WS-3ERA-4','787.00','ILS','42','1','t','2026-05-30 14:34:45.450192+00','2026-05-30 14:34:45.450192+00',NULL,'0','787.00'),
('1f30d5be-c563-4ce1-956c-3d8be4155065','00773574-0a46-46a7-a268-2f5358fe225b','tc-c35ws-3lra-28','TC-C35WS 3LRA-28','Color Maker · 5MP · Fixed 2.8mm','1/2.7" CMOS, F1.6, Fixed Iris, 120dB, 50m IR, 0.002Lux, 3072x1728@20fps, 512GB SD card slot, Built-in Mic, Reset Button, IP67, PoE, full metal housing','https://bsg-i.nbxc.com/product/66/0c/76/92f253489da6625cce54277406.png',NULL,'{"lens": "Fixed 2.8mm", "series": "Color Maker", "resolution": "5MP"}'::jsonb,'f','147','TC-C35WS-3LRA-28','760.00','ILS','15','1','t','2026-05-30 14:34:45.450192+00','2026-05-30 14:34:45.450192+00',NULL,'0','760.00'),
('adb93d54-666e-4524-a48a-7835dba7f7f0','00773574-0a46-46a7-a268-2f5358fe225b','tc-c35ws-3lra-4','TC-C35WS 3LRA-4','Color Maker · 5MP · Fixed 4mm','1/2.7" CMOS, F1.6, Fixed Iris, 120dB, 50m IR, 0.002Lux, 3072x1728@20fps, 512GB SD card slot, Built-in Mic, Reset Button, IP67, PoE, full metal housing','https://bsg-i.nbxc.com/product/66/0c/76/92f253489da6625cce54277406.png',NULL,'{"lens": "Fixed 4mm", "series": "Color Maker", "resolution": "5MP"}'::jsonb,'f','148','TC-C35WS-3LRA-4','798.00','ILS','53','1','t','2026-05-30 14:34:45.450192+00','2026-05-30 14:34:45.450192+00',NULL,'0','798.00'),
('a4b9627f-a4bd-45d9-8db3-c2d8bc110176','00773574-0a46-46a7-a268-2f5358fe225b','tc-c35us-3lra-28','TC-C35US 3LRA-28','Color Maker · 5MP · Fixed 2.8mm','1/2.7" CMOS, F1.6, 120dB, 0.002lux, 3072x1728@20fps, 512GB SD card slot, Built-in Mic, Reset Button, IP67, PoE, full metal housing, Support tripwire, perimeter+Human/Vehicle Classification','https://bsg-i.nbxc.com/product/66/0c/76/92f253489da6625cce54277406.png',NULL,'{"lens": "Fixed 2.8mm", "series": "Color Maker", "resolution": "5MP"}'::jsonb,'f','190','TC-C35US-3LRA-28','739.00','ILS','34','1','t','2026-05-30 14:34:45.450192+00','2026-05-30 14:34:45.450192+00',NULL,'0','739.00'),
('0168b757-769c-4beb-a72a-9551e9f55bbf','00773574-0a46-46a7-a268-2f5358fe225b','tc-c35xs-3era-28','TC-C35XS 3ERA-28','Color Maker · 5MP · Fixed 2.8mm','1/2.7" CMOS, F1.6, Fixed Iris, 120dB, 30m IR, 0.002Lux, 3072x1728@20fps, 512GB SD card slot, Built-in Mic, Reset Button, IP67, PoE, Metal+Plastic housing, 2 white lights, Support tripwire, perimeter+Human/Vehicle Classification','https://bsg-i.nbxc.com/product/66/0c/76/92f253489da6625cce54277406.png',NULL,'{"lens": "Fixed 2.8mm", "series": "Color Maker", "resolution": "5MP"}'::jsonb,'f','154','TC-C35XS-3ERA-28','828.00','ILS','43','1','t','2026-05-30 14:34:45.450192+00','2026-05-30 14:34:45.450192+00',NULL,'0','828.00'),
('5d6f4be7-7114-4bfc-b494-ee91ffb959d2','00773574-0a46-46a7-a268-2f5358fe225b','tc-c35ks-3era-28','TC-C35KS 3ERA-28','Color Maker · 5MP · Fixed 2.8mm','1/2.7" CMOS, F1.6, Fixed Iris, 120dB, 30m IR, 0.002Lux, 3072x1728@20fps, 512GB SD card slot, Built-in Mic, Reset Button, IP67, IK10, PoE, Metal+Plastic housing, Support tripwire, perimeter+Human/Vehicle Classification','https://bsg-i.nbxc.com/product/cd/04/a3/9f2ad5227efcaf623c6d3594b4.png',NULL,'{"lens": "Fixed 2.8mm", "series": "Color Maker", "resolution": "5MP"}'::jsonb,'f','156','TC-C35KS-3ERA-28','725.00','ILS','20','1','t','2026-05-30 14:34:45.450192+00','2026-05-30 14:34:45.450192+00',NULL,'0','725.00'),
('a7f4c2f3-3a14-43a1-b443-32cd597253e5','00773574-0a46-46a7-a268-2f5358fe225b','tc-c35us-3lha-27135','TC-C35US 3LHA-27135','Color Maker · 5MP · Motorized 2.7-13.5mm','1/2.7" CMOS, F1.6, IR 80m, 0.002Lux, Up to 3072x1728@20fps, 512GB SD card slot, Built-in Mic, audio I/O 1/1, alarm I/O 1/1, IP67, ONVIF Profile S/T/G, full metal housing','https://bsg-i.nbxc.com/product/53/d1/e3/273582eea378562b71cad8bc3e.png',NULL,'{"lens": "Motorized 2.7-13.5mm", "series": "Color Maker", "resolution": "5MP"}'::jsonb,'f','151','TC-C35US-3LHA-27135','804.00','ILS','19','1','t','2026-05-30 14:34:45.450192+00','2026-05-30 14:34:45.450192+00',NULL,'0','804.00'),
('ad2e9a5c-122e-4990-bbcf-b268249f32f8','00773574-0a46-46a7-a268-2f5358fe225b','tc-c35ms-3lha-27135','TC-C35MS 3LHA-27135','Color Maker · 5MP · Motorized 2.7-13.5mm','1/2.7" CMOS, F1.6, IR 30m, 0.002Lux, Up to 3072x1728@20fps, 512GB SD card slot, Built-in Mic, audio I/O 1/1, alarm I/O 1/1, IP67, IK10, ONVIF Profile S/T/G','https://bsg-i.nbxc.com/product/53/d1/e3/273582eea378562b71cad8bc3e.png',NULL,'{"lens": "Motorized 2.7-13.5mm", "series": "Color Maker", "resolution": "5MP"}'::jsonb,'f','158','TC-C35MS-3LHA-27135','725.00','ILS','20','1','t','2026-05-30 14:34:45.450192+00','2026-05-30 14:34:45.450192+00',NULL,'0','725.00'),
('9be697fb-c86c-4a8a-bc39-8ad6f1a3b086','00773574-0a46-46a7-a268-2f5358fe225b','tc-c38ws-3lra-28','TC-C38WS 3LRA-28','Color Maker · 8MP · Fixed 2.8mm','1/2.8" CMOS, F1.6, Fixed Iris, 120dB, 50m IR, 0.002Lux, 3840x2160@20fps, 512GB SD card slot, Built-in Mic, Reset Button, IP67, PoE, full metal housing, Support tripwire, perimeter+Human/Vehicle Classification','https://bsg-i.nbxc.com/product/66/0c/76/92f253489da6625cce54277406.png',NULL,'{"lens": "Fixed 2.8mm", "series": "Color Maker", "resolution": "8MP"}'::jsonb,'f','149','TC-C38WS-3LRA-28','1117.00','ILS','42','1','t','2026-05-30 14:34:45.450192+00','2026-05-30 14:34:45.450192+00',NULL,'0','1117.00'),
('89989b70-bc56-4670-a7dd-00a4eab8dafc','00773574-0a46-46a7-a268-2f5358fe225b','tc-c38ws-3lra-4','TC-C38WS 3LRA-4','Color Maker · 8MP · Fixed 4mm','1/2.8" CMOS, F1.6, Fixed Iris, 120dB, 50m IR, 0.002Lux, 3840x2160@20fps, 512GB SD card slot, Built-in Mic, Reset Button, IP67, PoE, full metal housing, Support tripwire, perimeter+Human/Vehicle Classification','https://bsg-i.nbxc.com/product/66/0c/76/92f253489da6625cce54277406.png',NULL,'{"lens": "Fixed 4mm", "series": "Color Maker", "resolution": "8MP"}'::jsonb,'f','150','TC-C38WS-3LRA-4','1132.00','ILS','17','1','t','2026-05-30 14:34:45.450192+00','2026-05-30 14:34:45.450192+00',NULL,'0','1132.00'),
('ebb90600-480a-4165-9a22-23b71a395509','00773574-0a46-46a7-a268-2f5358fe225b','tc-c38us-3lra-28','TC-C38US 3LRA-28','Color Maker · 8MP · Fixed 2.8mm','1/2.8" CMOS, F1.6, 120dB, 0.002lux, 3840x2160@20fps, 512GB SD card slot, Built-in Mic, Reset Button, IP67, PoE, full metal housing, Support tripwire, perimeter+Human/Vehicle Classification','https://bsg-i.nbxc.com/product/66/0c/76/92f253489da6625cce54277406.png',NULL,'{"lens": "Fixed 2.8mm", "series": "Color Maker", "resolution": "8MP"}'::jsonb,'f','152','TC-C38US-3LRA-28','1058.00','ILS','23','1','t','2026-05-30 14:34:45.450192+00','2026-05-30 14:34:45.450192+00',NULL,'0','1058.00'),
('36999064-a8d3-4683-9b85-4a165dd3e740','00773574-0a46-46a7-a268-2f5358fe225b','tc-c34gn','TC-C34GN Spec:I5/E/Y/C/2.8mm/4mm/V4.2','S+265 · 4MP · Fixed 4mm/2.8mm','1/2.7" CMOS, F1.6, Fixed Iris, Digital WDR, 50m IR, 0.02Lux, Up to 2560x1440@25fps, Built-in Mic, IP67, PoE, Aluminum Plastic housing','https://bsg-i.nbxc.com/product/88/2e/dc/fa52a71fa1c4e13cbd996bd0f0.png',NULL,'{"wdr": "DWDR", "lens": "Fixed 4mm/2.8mm", "series": "S+265", "resolution": "4MP"}'::jsonb,'f','630','TC-C34GN','610.00','ILS','25','1','t','2026-05-30 14:35:55.126593+00','2026-05-30 14:35:55.126593+00',NULL,'0','610.00'),
('cae9fd73-916b-40f3-b83c-584f2c6085ee','00773574-0a46-46a7-a268-2f5358fe225b','tc-c38us-3lra-4','TC-C38US 3LRA-4','Color Maker · 8MP · Fixed 4mm','1/2.8" CMOS, F1.6, 120dB, 0.002lux, 3840x2160@20fps, 512GB SD card slot, Built-in Mic, Reset Button, IP67, PoE, full metal housing, Support tripwire, perimeter+Human/Vehicle Classification','https://bsg-i.nbxc.com/product/66/0c/76/92f253489da6625cce54277406.png',NULL,'{"lens": "Fixed 4mm", "series": "Color Maker", "resolution": "8MP"}'::jsonb,'f','191','TC-C38US-3LRA-4','1136.00','ILS','21','1','t','2026-05-30 14:34:45.450192+00','2026-05-30 14:34:45.450192+00',NULL,'0','1136.00'),
('c67bc329-f69d-4233-8c02-37839dfc7695','00773574-0a46-46a7-a268-2f5358fe225b','tc-c38xs-3lra-28','TC-C38XS 3LRA-28','Color Maker · 8MP · Fixed 2.8mm','1/2.7" CMOS, F1.6, Fixed Iris, 120dB, 30m IR, 0.002Lux, 3072x1728@20fps, 512GB SD card slot, Built-in Mic, Reset Button, IP67, PoE, Metal housing, 2 white lights, Support tripwire, perimeter+Human/Vehicle Classification','https://bsg-i.nbxc.com/product/66/0c/76/92f253489da6625cce54277406.png',NULL,'{"lens": "Fixed 2.8mm", "series": "Color Maker", "resolution": "8MP"}'::jsonb,'f','155','TC-C38XS-3LRA-28','1080.00','ILS','45','1','t','2026-05-30 14:34:45.450192+00','2026-05-30 14:34:45.450192+00',NULL,'0','1080.00'),
('7c246dc1-428f-4545-a1d7-3a911d8d67f7','00773574-0a46-46a7-a268-2f5358fe225b','tc-c38ks-3era-28','TC-C38KS 3ERA-28','Color Maker · 8MP · Fixed 2.8mm','1/2.8" CMOS, F1.6, Fixed Iris, 120dB, 30m IR, 0.002Lux, 3840x2160@20fps, 512GB SD card slot, Built-in Mic, Reset Button, IP67, IK10, PoE, Metal+Plastic housing','https://bsg-i.nbxc.com/product/cd/04/a3/9f2ad5227efcaf623c6d3594b4.png',NULL,'{"lens": "Fixed 2.8mm", "series": "Color Maker", "resolution": "8MP"}'::jsonb,'f','157','TC-C38KS-3ERA-28','1120.00','ILS','45','1','t','2026-05-30 14:34:45.450192+00','2026-05-30 14:34:45.450192+00',NULL,'0','1120.00'),
('2e1ab4b0-23ab-4dca-a2ba-371fde685452','00773574-0a46-46a7-a268-2f5358fe225b','tc-c38us-3lha-27135','TC-C38US 3LHA-27135','Motorized Color Maker · 8MP · Motorized 2.7-13.5mm','1/2.8" CMOS, F1.6, 120dB, 0.002lux, 3840x2160@20fps, 512GB SD card slot, Built-in Mic, Reset Button, alarm I/O 1/1, IP67, PoE, full metal housing, Support tripwire, perimeter+Human/Vehicle Classification','https://bsg-i.nbxc.com/product/53/d1/e3/273582eea378562b71cad8bc3e.png',NULL,'{"lens": "Motorized 2.7-13.5mm", "series": "Motorized Color Maker", "resolution": "8MP"}'::jsonb,'f','153','TC-C38US-3LHA-27135','1141.00','ILS','26','1','t','2026-05-30 14:34:45.450192+00','2026-05-30 14:34:45.450192+00',NULL,'0','1141.00'),
('de3d3a3e-1476-41c9-810a-407f2c483ff9','00773574-0a46-46a7-a268-2f5358fe225b','tc-c38ms-3lha-27135','TC-C38MS 3LHA-27135','Motorized Color Maker · 8MP · Motorized 2.7-13.5mm','1/2.8" CMOS, F1.6, 120dB, 0.002lux, 3840x2160@20fps, 512GB SD card slot, Built-in Mic, Reset Button, alarm I/O 1/1, IP67, PoE, full metal housing, Support tripwire, perimeter+Human/Vehicle Classification','https://bsg-i.nbxc.com/product/53/d1/e3/273582eea378562b71cad8bc3e.png',NULL,'{"lens": "Motorized 2.7-13.5mm", "series": "Motorized Color Maker", "resolution": "8MP"}'::jsonb,'f','159','TC-C38MS-3LHA-27135','1158.00','ILS','43','1','t','2026-05-30 14:34:45.450192+00','2026-05-30 14:34:45.450192+00',NULL,'0','1158.00'),
('315755ff-a05b-4a1a-b529-b413308a171d','00773574-0a46-46a7-a268-2f5358fe225b','tc-c32gn','TC-C32GN Spec:I5/E/Y/C/2.8mm/4mm/V4.1','S+265 · 2MP · Fixed 4mm/2.8mm','1/2.8" CMOS, F2.0, Fixed Iris, Digital WDR, 50m IR, 0.02Lux, 1920x1080@25fps, Built-in Mic, IP67, PoE, Aluminum Plastic housing','https://bsg-i.nbxc.com/product/88/2e/dc/fa52a71fa1c4e13cbd996bd0f0.png',NULL,'{"wdr": "DWDR", "lens": "Fixed 4mm/2.8mm", "series": "S+265", "resolution": "2MP"}'::jsonb,'f','530','TC-C32GN','481.00','ILS','36','1','t','2026-05-30 14:34:45.450192+00','2026-05-30 14:34:45.450192+00',NULL,'0','481.00'),
('58b5b368-57aa-454f-8e31-a13c9a14481d','00773574-0a46-46a7-a268-2f5358fe225b','tc-c32hn','TC-C32HN Spec:I3/E/Y/C/2.8mm/V4.1','S+265 · 2MP · Fixed 2.8mm','1/2.8" CMOS, F2.0, Fixed Iris, Digital WDR, 30m IR, 0.02Lux, 1920x1080@25fps, Built-in Mic, IP66, PoE, Aluminum Plastic housing','https://bsg-i.nbxc.com/product/18/bb/52/f4aecf6b3311cf9c608189e203.png',NULL,'{"wdr": "DWDR", "lens": "Fixed 2.8mm", "series": "S+265", "resolution": "2MP"}'::jsonb,'f','540','TC-C32HN','487.00','ILS','42','1','t','2026-05-30 14:34:45.450192+00','2026-05-30 14:34:45.450192+00',NULL,'0','487.00'),
('4d9c241e-74e9-4bc5-bdeb-6709a7a63149','00773574-0a46-46a7-a268-2f5358fe225b','tc-c34gs','TC-C34GS Spec:I5/E/Y/C/2.8mm/4mm/V4.0','S+265 · 4MP · Fixed 4mm/2.8mm','1/2.7" CMOS, F1.6, Fixed Iris, Digital WDR, 50m IR, 0.002Lux, 2560x1440@25fps, Built-in Mic, IP67, PoE, Aluminum Plastic housing','https://bsg-i.nbxc.com/product/88/2e/dc/fa52a71fa1c4e13cbd996bd0f0.png',NULL,'{"wdr": "DWDR", "lens": "Fixed 4mm/2.8mm", "series": "S+265", "resolution": "4MP"}'::jsonb,'f','550','TC-C34GS','604.00','ILS','19','1','t','2026-05-30 14:34:45.450192+00','2026-05-30 14:34:45.450192+00',NULL,'0','604.00'),
('f23b9d6c-bb32-445d-8082-b0092aed5156','00773574-0a46-46a7-a268-2f5358fe225b','tc-c34hs','TC-C34HS Spec:I3/E/Y/C/2.8mm/V4.0','S+265 Starlight · 4MP · Fixed 2.8mm','1/2.7" CMOS, F1.6, Fixed Iris, Digital WDR, 30m IR, 0.002Lux, 2560x1440@25fps, Built-in Mic, IP66, PoE, Aluminum Plastic housing','https://bsg-i.nbxc.com/product/18/bb/52/f4aecf6b3311cf9c608189e203.png',NULL,'{"wdr": "DWDR", "lens": "Fixed 2.8mm", "series": "S+265 Starlight", "resolution": "4MP"}'::jsonb,'f','560','TC-C34HS','629.00','ILS','44','1','t','2026-05-30 14:35:55.126593+00','2026-05-30 14:35:55.126593+00',NULL,'0','629.00'),
('59cea8b7-495c-4aed-8cc0-5960766cd027','00773574-0a46-46a7-a268-2f5358fe225b','tc-c32gn-2','TC-C32GN Spec:I5/E/Y/C/SD/2.8mm/4mm/V4.1','S+265 · 2MP · Fixed 4mm/2.8mm','1/2.8" CMOS, F2.0, Fixed Iris, Digital WDR, 50m IR, 0.02Lux, 1920x1080@25fps, 512GB SD card slot, Built-in Mic, Reset Button, IP67, PoE, Aluminum Plastic housing','https://bsg-i.nbxc.com/product/88/2e/dc/fa52a71fa1c4e13cbd996bd0f0.png',NULL,'{"wdr": "DWDR", "lens": "Fixed 4mm/2.8mm", "series": "S+265", "sd_card": "512GB", "resolution": "2MP"}'::jsonb,'f','570','TC-C32GN-2','487.00','ILS','42','1','t','2026-05-30 14:35:55.126593+00','2026-05-30 14:35:55.126593+00',NULL,'0','487.00'),
('08c14d3d-b1c6-4d0e-a6f1-80b798b94b80','00773574-0a46-46a7-a268-2f5358fe225b','tc-c32hn-2','TC-C32HN Spec:I3/E/Y/C/SD/2.8mm/V4.1','S+265 · 2MP · Fixed 2.8mm','1/2.8" CMOS, F2.0, Fixed Iris, Digital WDR, 30m IR, 0.02Lux, 1920x1080@20fps, 512GB SD card slot, Built-in Mic, Reset Button, IP66, PoE, Aluminum Plastic housing','https://bsg-i.nbxc.com/product/18/bb/52/f4aecf6b3311cf9c608189e203.png',NULL,'{"wdr": "DWDR", "lens": "Fixed 2.8mm", "series": "S+265", "sd_card": "512GB", "resolution": "2MP"}'::jsonb,'f','580','TC-C32HN-2','528.00','ILS','43','1','t','2026-05-30 14:35:55.126593+00','2026-05-30 14:35:55.126593+00',NULL,'0','528.00'),
('736130c8-8a97-4902-89dc-5626b927674b','00773574-0a46-46a7-a268-2f5358fe225b','tc-c34gs-2','TC-C34GS Spec:I5/E/Y/C/SD/2.8mm/4mm/V4.0','S+265 · 4MP · Fixed 4mm/2.8mm','1/2.7" CMOS, F1.6, Fixed Iris, Digital WDR, 50m IR, 0.002Lux, 2560x1440@20fps, 512GB SD card slot, Built-in Mic, Reset Button, IP67, PoE, Aluminum Plastic housing','https://bsg-i.nbxc.com/product/88/2e/dc/fa52a71fa1c4e13cbd996bd0f0.png',NULL,'{"wdr": "DWDR", "lens": "Fixed 4mm/2.8mm", "series": "S+265", "sd_card": "512GB", "resolution": "4MP"}'::jsonb,'f','590','TC-C34GS-2','597.00','ILS','52','1','t','2026-05-30 14:35:55.126593+00','2026-05-30 14:35:55.126593+00',NULL,'0','597.00'),
('2a6c671b-9685-4b57-9c7c-c68f6f560f40','00773574-0a46-46a7-a268-2f5358fe225b','tc-c34hs-2','TC-C34HS Spec:I3/E/Y/C/SD/2.8mm/V4.0','S+265 Starlight · 4MP · Fixed 2.8mm','1/2.7" CMOS, F1.6, Fixed Iris, Digital WDR, 30m IR, 0.002Lux, 2560x1440@20fps, 512GB SD card slot, Built-in Mic, Reset Button, IP66, PoE, Aluminum Plastic housing','https://bsg-i.nbxc.com/product/18/bb/52/f4aecf6b3311cf9c608189e203.png',NULL,'{"wdr": "DWDR", "lens": "Fixed 2.8mm", "series": "S+265 Starlight", "sd_card": "512GB", "resolution": "4MP"}'::jsonb,'f','600','TC-C34HS-2','591.00','ILS','46','1','t','2026-05-30 14:35:55.126593+00','2026-05-30 14:35:55.126593+00',NULL,'0','591.00'),
('4376db53-abe1-429f-bb03-ff44ea6bc327','00773574-0a46-46a7-a268-2f5358fe225b','tc-c32gn-3','TC-C32GN Spec:I5/E/Y/C/2.8mm/4mm/V4.2','S+265 · 2MP · Fixed 4mm/2.8mm','1/2.8" CMOS, F2.0, Fixed Iris, Digital WDR, 50m IR, 0.02Lux, Up to 1920x1080@25fps, Built-in Mic, IP67, PoE, Aluminum Plastic housing','https://bsg-i.nbxc.com/product/88/2e/dc/fa52a71fa1c4e13cbd996bd0f0.png',NULL,'{"wdr": "DWDR", "lens": "Fixed 4mm/2.8mm", "series": "S+265", "resolution": "2MP"}'::jsonb,'f','610','TC-C32GN-3','519.00','ILS','34','1','t','2026-05-30 14:35:55.126593+00','2026-05-30 14:35:55.126593+00',NULL,'0','519.00'),
('97762c70-0190-42c4-a748-74e1f1c91d1d','00773574-0a46-46a7-a268-2f5358fe225b','tc-c32hn-3','TC-C32HN Spec:I3/E/Y/C/2.8mm/V4.2','S+265 · 2MP · Fixed 2.8mm','1/2.8" CMOS, F2.0, Fixed Iris, Digital WDR, 30m IR, 0.02Lux, Up to 1920x1080@25fps, Built-in Mic, IP66, PoE, Aluminum Plastic housing','https://bsg-i.nbxc.com/product/18/bb/52/f4aecf6b3311cf9c608189e203.png',NULL,'{"wdr": "DWDR", "lens": "Fixed 2.8mm", "series": "S+265", "resolution": "2MP"}'::jsonb,'f','620','TC-C32HN-3','537.00','ILS','52','1','t','2026-05-30 14:35:55.126593+00','2026-05-30 14:35:55.126593+00',NULL,'0','537.00'),
('2eabbbcc-37c7-48bb-9121-3e99d5e058f9','00773574-0a46-46a7-a268-2f5358fe225b','tc-c34hn','TC-C34HN Spec:I3/E/Y/C/2.8mm/V4.2','S+265 · 4MP · Fixed 2.8mm','1/2.7" CMOS, F1.6, Fixed Iris, Digital WDR, 30m IR, 0.02Lux, Up to 2560x1440@25fps, Built-in Mic, IP66, PoE, Aluminum Plastic housing','https://bsg-i.nbxc.com/product/18/bb/52/f4aecf6b3311cf9c608189e203.png',NULL,'{"wdr": "DWDR", "lens": "Fixed 2.8mm", "series": "S+265", "resolution": "4MP"}'::jsonb,'f','640','TC-C34HN','563.00','ILS','18','1','t','2026-05-30 14:35:55.126593+00','2026-05-30 14:35:55.126593+00',NULL,'0','563.00'),
('96074182-4184-4262-a484-7fcfd1f6d74a','00773574-0a46-46a7-a268-2f5358fe225b','tc-c32gs','TC-C32GS Spec:I5/E/Y/C/SD/2.8mm/4mm/V4.2','Lite Star · 2MP · Fixed 4mm/2.8mm','1/2.8" CMOS, F1.6, Fixed Iris, 120dB, 50m IR, 0.002Lux, Up to 1920x1080@25fps, 512GB SD card slot, Built-in Mic, IP67, PoE, Aluminum Plastic housing','https://bsg-i.nbxc.com/product/88/2e/dc/fa52a71fa1c4e13cbd996bd0f0.png',NULL,'{"wdr": "120dB", "lens": "Fixed 4mm/2.8mm", "series": "Lite Star", "sd_card": "512GB", "resolution": "2MP"}'::jsonb,'f','650','TC-C32GS','537.00','ILS','52','1','t','2026-05-30 14:35:55.126593+00','2026-05-30 14:35:55.126593+00',NULL,'0','537.00'),
('80ed044b-9b7b-4179-ab10-a7223325ccb5','00773574-0a46-46a7-a268-2f5358fe225b','tc-c32hs','TC-C32HS Spec:I3/E/Y/C/SD/2.8mm/V4.2','Lite Star · 2MP · Fixed 2.8mm','1/2.8" CMOS, F1.6, Fixed Iris, 120dB, 30m IR, 0.002Lux, Up to 1920x1080@25fps, 512GB SD card slot, Built-in Mic, IP66, PoE, Aluminum Plastic housing','https://bsg-i.nbxc.com/product/18/bb/52/f4aecf6b3311cf9c608189e203.png',NULL,'{"wdr": "120dB", "lens": "Fixed 2.8mm", "series": "Lite Star", "sd_card": "512GB", "resolution": "2MP"}'::jsonb,'f','660','TC-C32HS','446.00','ILS','41','1','t','2026-05-30 14:35:55.126593+00','2026-05-30 14:35:55.126593+00',NULL,'0','446.00'),
('9fab4c28-b8fa-4cc9-a3b1-395116d8ad98','00773574-0a46-46a7-a268-2f5358fe225b','tc-c32ks','TC-C32KS Spec:I3/E/Y/C/SD/2.8mm/V4.2','Lite Star · 2MP · Fixed 2.8mm','1/2.8" CMOS, F1.6, Fixed Iris, 120dB, 30m IR, 0.002Lux, Up to 1920x1080@25fps, 512GB SD card slot, Built-in Mic, IP66, IK10, PoE, Aluminum Plastic housing','https://bsg-i.nbxc.com/product/cd/04/a3/9f2ad5227efcaf623c6d3594b4.png',NULL,'{"wdr": "120dB", "lens": "Fixed 2.8mm", "series": "Lite Star", "sd_card": "512GB", "resolution": "2MP"}'::jsonb,'f','670','TC-C32KS','493.00','ILS','48','1','t','2026-05-30 14:35:55.126593+00','2026-05-30 14:35:55.126593+00',NULL,'0','493.00'),
('abe6ad40-a37f-4e4c-a261-b75eac2c293d','00773574-0a46-46a7-a268-2f5358fe225b','tc-c34gs-3','TC-C34GS Spec:I5/E/Y/C/SD/2.8mm4mm//V4.2','S+265 · 4MP · Fixed 4mm/2.8mm','1/2.7" CMOS, F1.6, Fixed Iris, Digital WDR, 50m IR, 0.002Lux, Up to 2560x1440@25fps, 512GB SD card slot, Built-in Mic, IP67, PoE, Aluminum Plastic housing','https://bsg-i.nbxc.com/product/88/2e/dc/fa52a71fa1c4e13cbd996bd0f0.png',NULL,'{"wdr": "DWDR", "lens": "Fixed 4mm/2.8mm", "series": "S+265", "sd_card": "512GB", "resolution": "4MP"}'::jsonb,'f','680','TC-C34GS-3','567.00','ILS','22','1','t','2026-05-30 14:35:55.126593+00','2026-05-30 14:35:55.126593+00',NULL,'0','567.00'),
('907a08f4-3d1d-485a-afa2-17f35ba5189c','00773574-0a46-46a7-a268-2f5358fe225b','tc-c34hs-3','TC-C34HS Spec:I3/E/Y/C/SD/2.8mm/V4.2','Lite Star · 4MP · Fixed 2.8mm','1/2.7" CMOS, F1.6, Fixed Iris, Digital WDR, 30m IR, 0.002Lux, Up to 2560x1440@25fps, 512GB SD card slot, Built-in Mic, IP66, PoE, Aluminum Plastic housing','https://bsg-i.nbxc.com/product/18/bb/52/f4aecf6b3311cf9c608189e203.png',NULL,'{"wdr": "DWDR", "lens": "Fixed 2.8mm", "series": "Lite Star", "sd_card": "512GB", "resolution": "4MP"}'::jsonb,'f','690','TC-C34HS-3','647.00','ILS','22','1','t','2026-05-30 14:35:55.126593+00','2026-05-30 14:35:55.126593+00',NULL,'0','647.00'),
('1d52294b-5578-4f3d-bc82-a3033ee72841','00773574-0a46-46a7-a268-2f5358fe225b','tc-c34ks','TC-C34KS Spec:I3/E/Y/C/SD/2.8mm/V4.2','Lite Star · 4MP · Fixed 2.8mm','1/2.7" CMOS, F1.6, Fixed Iris, Digital WDR, 30m IR, 0.002Lux, Up to 2560x1440@25fps, 512GB SD card slot, Built-in Mic, IP67, IK10, PoE, Aluminum Plastic housing','https://bsg-i.nbxc.com/product/cd/04/a3/9f2ad5227efcaf623c6d3594b4.png',NULL,'{"wdr": "DWDR", "lens": "Fixed 2.8mm", "series": "Lite Star", "sd_card": "512GB", "resolution": "4MP"}'::jsonb,'f','700','TC-C34KS','565.00','ILS','20','1','t','2026-05-30 14:35:55.126593+00','2026-05-30 14:35:55.126593+00',NULL,'0','565.00'),
('0cbbcc76-dd84-49c4-8dd4-e28884c7740c','00773574-0a46-46a7-a268-2f5358fe225b','tc-c32qv-2fna-28','TC-C32QV 2FNA-28','Polor Day · 2MP · Fixed 2.8mm','1/3" CMOS,F1.6,2MP,1920x1080@30fps.S+265/H.265/H.264B/H.264M/H.264H Color:0.001Lux@(F1.6,AGC ON),B/W:0Lux with IR IR range up to 30m,1xBuilt-in Mic,Operating conditions -30 to 60C,PoE,IP67,Aluminum Plastic housing,SMD1.0','https://bsg-i.nbxc.com/product/18/bb/52/f4aecf6b3311cf9c608189e203.png',NULL,'{"lens": "Fixed 2.8mm", "series": "Polor Day", "resolution": "2MP"}'::jsonb,'f','164','TC-C32QV-2FNA-28','526.00','ILS','41','1','t','2026-05-30 14:34:45.450192+00','2026-05-30 14:34:45.450192+00',NULL,'0','526.00'),
('91fe9b46-7049-4375-86d2-a0a2a1d61985','00773574-0a46-46a7-a268-2f5358fe225b','tc-c32qv-2fna-4','TC-C32QV 2FNA-4','Polor Day · 2MP · Fixed 4mm','1/2.9" CMOS, F1.0, Fixed Iris, 2 white lights, Up to 1920x1080@30fps, Built-in Mic, IP67, PoE, DC12V, Aluminum Plastic housing, SMD1.0','https://bsg-i.nbxc.com/product/18/bb/52/f4aecf6b3311cf9c608189e203.png',NULL,'{"lens": "Fixed 4mm", "series": "Polor Day", "resolution": "2MP"}'::jsonb,'f','165','TC-C32QV-2FNA-4','487.00','ILS','42','1','t','2026-05-30 14:34:45.450192+00','2026-05-30 14:34:45.450192+00',NULL,'0','487.00'),
('2b661e4f-1a9b-4982-9bad-8c38af481197','00773574-0a46-46a7-a268-2f5358fe225b','tc-c32xv-2fna-28','TC-C32XV 2FNA-28','Polor Day · 2MP · Fixed 2.8mm','1/2.9" CMOS, F1.0, Fixed Iris, 2 white lights, Up to 1920x1080@30fps, Built-in Mic, IP66, PoE, DC12V, Aluminum Plastic housing','https://bsg-i.nbxc.com/product/e5/81/fb/cc0fffc039429ef9556582fd42.png',NULL,'{"lens": "Fixed 2.8mm", "series": "Polor Day", "resolution": "2MP"}'::jsonb,'f','166','TC-C32XV-2FNA-28','532.00','ILS','47','1','t','2026-05-30 14:34:45.450192+00','2026-05-30 14:34:45.450192+00',NULL,'0','532.00'),
('88d32b48-f66a-403a-854c-367f7bc9ff14','42201d51-2ce9-4339-9f16-2eb58f450407','tc-r3110-4ha','TC-R3110 4HA','NVR · 10ch · 1 HDD','10-ch, 100Mbps/80Mbps, recording resolution up to 16MP, video output 1 HDMI & 1VGA simultaneous output, alarm I/O 4/1, USB interface: 2xUSB 2.0, ANR, N+M','https://bsg-i.nbxc.com/product/57/6f/2a/2db551798241113fee652df136.png',NULL,'{"hdd": "1 HDD", "series": "NVR", "channels": "10ch", "bandwidth": "100Mbps/80Mbps", "recording_resolution": "16MP"}'::jsonb,'f','141','TC-R3110-4HA','1277.00','ILS','52','1','t','2026-05-30 14:35:55.126593+00','2026-05-30 14:35:55.126593+00',NULL,'0','1277.00'),
('53d52447-b5db-46c2-b0eb-9a55716c6b21','42201d51-2ce9-4339-9f16-2eb58f450407','tc-r3210-4ha','TC-R3210 4HA','NVR · 10ch · 2 HDD','10-ch, 160Mbps/80Mbps, recording resolution up to 16MP, decoding ability 16MP x1, 8MP x2, 1080P x10, 720P x10, video output: 1 HDMI & 1VGA simultaneous output, alarm I/O 4/1, USB interface: 2xUSB 2.0, ANR, 1-ch video stream 4-ch image streams FR','https://bsg-i.nbxc.com/product/2d/58/be/602269b78edf98b6ae7c494e1b.png',NULL,'{"hdd": "2 HDD", "series": "NVR", "channels": "10ch", "bandwidth": "160Mbps/80Mbps", "recording_resolution": "16MP"}'::jsonb,'f','192','TC-R3210-4HA','1218.00','ILS','33','1','t','2026-05-30 14:35:55.126593+00','2026-05-30 14:35:55.126593+00',NULL,'0','1218.00'),
('5ea0ab24-67c2-440e-84db-87023b80b522','42201d51-2ce9-4339-9f16-2eb58f450407','tc-r3220-4ha','TC-R3220 4HA','NVR · 20ch · 2 HDD','20-ch, 160Mbps/80Mbps, recording resolution up to 16MP, decoding ability 16MP x1, 8MP x2, 1080P x10, 720P x20, video output: 1 HDMI & 1VGA simultaneous output, alarm I/O 4/1, USB interface: 2xUSB 2.0, ANR','https://bsg-i.nbxc.com/product/2d/58/be/602269b78edf98b6ae7c494e1b.png',NULL,'{"hdd": "2 HDD", "series": "NVR", "channels": "20ch", "bandwidth": "160Mbps/80Mbps", "recording_resolution": "16MP"}'::jsonb,'f','142','TC-R3220-4HA','1282.00','ILS','17','1','t','2026-05-30 14:35:55.126593+00','2026-05-30 14:35:55.126593+00',NULL,'0','1282.00'),
('44903633-0d2c-4f6d-8211-c9f3a17555ff','42201d51-2ce9-4339-9f16-2eb58f450407','tc-r3232-4ha','TC-R3232 4HA','NVR · 32ch · 3 HDD','32-ch, 160Mbps/80Mbps, recording resolution up to 16MP, decoding ability 16MP x1, 8MP x2, 1080P x10, 720P x20, video output: 1 HDMI & 1VGA simultaneous output, alarm I/O 4/1, USB interface: 2xUSB 2.0, ANR','https://bsg-i.nbxc.com/product/98/69/bd/0d4ff713079c452c7b446834d5.png',NULL,'{"hdd": "3 HDD", "series": "NVR", "channels": "32ch", "bandwidth": "160Mbps/80Mbps", "recording_resolution": "16MP"}'::jsonb,'f','143','TC-R3232-4HA','1240.00','ILS','15','1','t','2026-05-30 14:35:55.126593+00','2026-05-30 14:35:55.126593+00',NULL,'0','1240.00'),
('debed597-734e-4aaa-a03b-c1960b252784','42201d51-2ce9-4339-9f16-2eb58f450407','tc-r3240-4hb','TC-R3240 4HB','NVR · 40ch · 2 HDD','40-ch, 400Mbps/400Mbps, recording resolution up to 16MP, decoding ability 16MP x3, 8MP x7, 1080P x28, 720P x40, video output: 1 HDMI & 1VGA non-simultaneous output, alarm I/O 16/4, USB interface: 1xUSB 3.0 1xUSB 2.0, ANR, N+M','https://bsg-i.nbxc.com/product/98/69/bd/0d4ff713079c452c7b446834d5.png',NULL,'{"hdd": "2 HDD", "series": "NVR", "channels": "40ch", "bandwidth": "400Mbps/400Mbps", "recording_resolution": "16MP"}'::jsonb,'f','138','TC-R3240-4HB','1313.00','ILS','48','1','t','2026-05-30 14:35:55.126593+00','2026-05-30 14:35:55.126593+00',NULL,'0','1313.00'),
('595317a4-496d-4922-8372-1bc6bc6cef6e','42201d51-2ce9-4339-9f16-2eb58f450407','tc-r3105-44ha','TC-R3105 44HA','NVR · 5ch · 1 HDD','5-ch, 4POE, 100Mbps/80Mbps, recording resolution up to 16MP, decoding ability 16MP x1, 8MP x2, 1080P x5, 720P x5, video output: 1 HDMI & 1VGA simultaneous output, alarm I/O 4/1, USB interface: 2xUSB 2.0, ANR','https://bsg-i.nbxc.com/product/a4/8d/e9/47b2b93f0a133f3a533c5e07c2.png',NULL,'{"hdd": "1 HDD", "series": "NVR", "channels": "5ch", "bandwidth": "100Mbps/80Mbps", "poe_ports": 4, "recording_resolution": "16MP"}'::jsonb,'f','144','TC-R3105-44HA','1282.00','ILS','17','1','t','2026-05-30 14:35:55.126593+00','2026-05-30 14:35:55.126593+00',NULL,'0','1282.00'),
('9c45c9d2-7af6-45f1-acc3-037171d50c7d','42201d51-2ce9-4339-9f16-2eb58f450407','tc-r3110-48ha','TC-R3110 48HA','NVR · 10ch · 2 HDD','10-ch, 8POE, 100Mbps/80Mbps, recording resolution up to 16MP, decoding ability 16MP x1, 8MP x2, 1080P x10, 720P x10, video output: 1 HDMI & 1VGA simultaneous output, alarm I/O 4/1, USB interface: 2xUSB 2.0, ANR','https://bsg-i.nbxc.com/product/57/6f/2a/2db551798241113fee652df136.png',NULL,'{"hdd": "2 HDD", "series": "NVR", "channels": "10ch", "bandwidth": "100Mbps/80Mbps", "poe_ports": 8, "recording_resolution": "16MP"}'::jsonb,'f','145','TC-R3110-48HA','1229.00','ILS','44','1','t','2026-05-30 14:35:55.126593+00','2026-05-30 14:35:55.126593+00',NULL,'0','1229.00'),
('262fa2b0-237b-4e5d-a5a5-5732676c446a','42201d51-2ce9-4339-9f16-2eb58f450407','tc-r3220-416ha','TC-R3220 416HA','NVR · 20ch · 2 HDD','20-ch, 16POE, 160Mbps/80Mbps, recording resolution up to 16MP, decoding ability 16MP x1, 8MP x2, 1080P x10, 720P x20, video output: 1 HDMI & 1VGA simultaneous output, alarm I/O 4/1, USB interface: 2xUSB 2.0, ANR','https://bsg-i.nbxc.com/product/2d/58/be/602269b78edf98b6ae7c494e1b.png',NULL,'{"hdd": "2 HDD", "series": "NVR", "channels": "20ch", "bandwidth": "160Mbps/80Mbps", "poe_ports": 16, "recording_resolution": "16MP"}'::jsonb,'f','193','TC-R3220-416HA','1292.00','ILS','27','1','t','2026-05-30 14:35:55.126593+00','2026-05-30 14:35:55.126593+00',NULL,'0','1292.00'),
('57b11d06-4c45-4d83-9ef2-382646bfc869','1ebd395c-f8ff-45ec-8ff2-27e4fe8112df','tc-h324s','TC-H324S Spec:23X/I/E/C/V3.0','PTZ · 2MP · 23X','1/2.8" Starlight sensor, 1080P@30fps, 150m IR, 23x optical zoom, Speed 0.1-80/s, Low Lux 0.001Lux, TVS 6000V protection, MicroSD card 512GB, Onvif Profile S/T/G/M, IP66, Aluminum Plastic housing, Human/vehicle classification','https://bsg-i.nbxc.com/product/69/a8/58/581750fa0d8c6e1b21933a3336.png',NULL,'{"lens": "23X", "series": "PTZ", "resolution": "2MP", "ir_distance": "150m"}'::jsonb,'f','51','TC-H324S','1342.00','ILS','37','1','t','2026-05-30 14:35:55.126593+00','2026-05-30 14:35:55.126593+00',NULL,'0','1342.00'),
('fd84a3d9-a423-4263-8214-5beec06c4288','06544454-0980-4bac-accd-6738ff2bc7d7','tc-p3s06','TC-P3S06 Spec:F/0420/AT/55','PoE Switch · 4+2 Ports','4x10/100Mbps PoE Ports + 2x10/100Mbps RJ45 Uplink Ports','https://bsg-i.nbxc.com/product/ee/18/cd/edda9d5467e4220750f0eb1999.jpg',NULL,'{"ports": "4 PoE + 2 Uplink", "series": "PoE Switch"}'::jsonb,'f','110','TC-P3S06','578.00','ILS','53','1','t','2026-05-30 14:37:04.534095+00','2026-05-30 14:37:04.534095+00',NULL,'0','578.00'),
('b476a60f-9443-4cfa-9276-6be9195e33d8','1ebd395c-f8ff-45ec-8ff2-27e4fe8112df','tc-h354s','TC-H354S Spec:23X/I/E/V3.1','PTZ · 5MP · 23X','1/2.8" Starlight sensor, 5MP@30fps, 150m IR, 23x optical zoom, Speed 0.1-80/s, Low Lux 0.001Lux, TVS 6000V protection, Audio I/O 1/1, Alarm I/O 1/1, MicroSD card 512GB, Onvif Profile S/T/G/M, IP66, Aluminum Plastic housing, Face capture mode, Human/vehicle classification','https://bsg-i.nbxc.com/product/69/a8/58/581750fa0d8c6e1b21933a3336.png',NULL,'{"lens": "23X", "series": "PTZ", "resolution": "5MP", "ir_distance": "150m"}'::jsonb,'f','53','TC-H354S','1632.00','ILS','27','1','t','2026-05-30 14:35:55.126593+00','2026-05-30 14:35:55.126593+00',NULL,'0','1632.00'),
('c6a5fbfb-8f73-4a21-a2d4-3e36e93911fd','1ebd395c-f8ff-45ec-8ff2-27e4fe8112df','tc-h344s','TC-H344S Spec:25X/I/E+/A/V3.0','PTZ · 4MP · 25X','1/2.8" Starlight sensor, 4MP@30fps, 150m IR, 25x optical zoom, Speed 0.1-200/s, Low Lux 0.001Lux, TVS 6000V protection, Audio I/O 1/1, Alarm I/O 1/1, MicroSD card 512GB, Onvif Profile S/T/G/M, IP66, Face capture mode, Human/vehicle classification','https://bsg-i.nbxc.com/product/69/a8/58/581750fa0d8c6e1b21933a3336.png',NULL,'{"lens": "25X", "series": "PTZ", "resolution": "4MP", "ir_distance": "150m"}'::jsonb,'f','91','TC-H344S','1572.00','ILS','47','1','t','2026-05-30 14:35:55.126593+00','2026-05-30 14:35:55.126593+00',NULL,'0','1572.00'),
('2719502d-eeb0-4aff-a874-34f4fd2e3cba','1ebd395c-f8ff-45ec-8ff2-27e4fe8112df','tc-h356s','TC-H356S Spec:30X/I/E++/A/V3.0','PTZ · 5MP · 30X','PoE++, Autotracking, 1/2.8" Starlight sensor, 2880x1620@30fps, 200m IR, 30x optical zoom, Speed 0.1-180/s, Low Lux 0.001Lux, TVS 6000V protection, Audio I/O 1/1, Alarm I/O 8/2, RS-485, BNC, Face capture mode, Human/vehicle classification, MicroSD card 512GB, Onvif Profile S/T/G/M, IP66','https://bsg-i.nbxc.com/product/69/a8/58/581750fa0d8c6e1b21933a3336.png',NULL,'{"lens": "30X", "series": "PTZ", "resolution": "5MP", "ir_distance": "200m", "autotracking": true}'::jsonb,'f','54','TC-H356S','1733.00','ILS','48','1','t','2026-05-30 14:35:55.126593+00','2026-05-30 14:35:55.126593+00',NULL,'0','1733.00'),
('18301368-3812-4890-a598-48cd054fdb73','1ebd395c-f8ff-45ec-8ff2-27e4fe8112df','tc-h366v','TC-H366V Spec:4MP/25X/IW/E/A/2.8mm','PTZ · 4MP · 25X','Panoramic Camera: 1/1.8" CMOS, Up to 3840x1568@30fps, Horizontal 190 deg, Vertical 75 deg, Min. illumination Color 0.0002Lux@F1.0. Detail Camera: Auto-Tracking Early Warning (AEW), Up to 2560x1440@30fps, Optical zoom 25x, digital zoom 16x, Support 3D position, IP66','https://bsg-i.nbxc.com/product/69/a8/58/581750fa0d8c6e1b21933a3336.png',NULL,'{"lens": "25X", "type": "Panoramic+PTZ", "series": "PTZ", "resolution": "4MP", "ir_distance": "150m"}'::jsonb,'f','93','TC-H366V','1531.00','ILS','46','1','t','2026-05-30 14:35:55.126593+00','2026-05-30 14:35:55.126593+00',NULL,'0','1531.00'),
('e081cdf5-c09e-4efa-9e3b-db719d0e223d','1ebd395c-f8ff-45ec-8ff2-27e4fe8112df','tc-h388m','TC-H388M Spec:44X/IL/E++/A','PTZ · 8MP · 44X','Autotracking & Early warning, 1/0.8" SuperStarlight CMOS, 3840x2160@30fps, 500m laser, 44x optical zoom, Speed 0.1-160/s, Low Lux 0.001Lux, TVS 6000V protection, Audio I/O 1/1, Alarm I/O 8/2, RS-485, BNC, RJ45, Wiper, White light, Green Laser, Built-in speaker, Face capture mode, Human/vehicle classification, MicroSD card 512GB, Onvif Profile S/T/G/M, IP66','https://bsg-i.nbxc.com/product/08/3e/06/c73893fffbf8d78f661f0b8e7e.png',NULL,'{"lens": "44X", "series": "PTZ", "resolution": "8MP", "ir_distance": "500m laser", "autotracking": true}'::jsonb,'f','55','TC-H388M','1956.00','ILS','21','1','t','2026-05-30 14:35:55.126593+00','2026-05-30 14:35:55.126593+00',NULL,'0','1956.00'),
('ec7208db-d7af-46a4-aedc-1968bdcc6d77','1ebd395c-f8ff-45ec-8ff2-27e4fe8112df','tc-h356q','TC-H356Q Spec:30X/IW/E++/A/V3.0','PTZ · 5MP · 30X','PoE++, Autotracking & Early warning, 1/2.8" Starlight sensor, 2880x1620@30fps, 200m IR, 30x optical zoom, Speed 0.1-180/s, Low Lux 0.0008Lux, TVS 6000V protection, Audio I/O 1/1, Alarm I/O 8/2, RS-485, BNC, Wiper, White light, Green Laser, Built-in speaker, Face capture mode, Human/vehicle classification, MicroSD card 512GB, Onvif Profile S/T/G/M, IP66','https://bsg-i.nbxc.com/product/69/a8/58/581750fa0d8c6e1b21933a3336.png',NULL,'{"lens": "30X", "series": "PTZ", "resolution": "5MP", "ir_distance": "200m", "autotracking": true}'::jsonb,'f','182','TC-H356Q','1720.00','ILS','35','1','t','2026-05-30 14:37:04.534095+00','2026-05-30 14:37:04.534095+00',NULL,'0','1720.00'),
('56b2ab46-414c-4f7f-964a-375c8da1db70','1ebd395c-f8ff-45ec-8ff2-27e4fe8112df','tc-h356v','TC-H356V Spec:44X/IW/E/A','PTZ · 5MP · 44X','Autotracking & Early warning, 1/1.8" CMOS, 3072x1728@30fps, 180m IR, 44x optical zoom, Speed 0.1-180/s, Low Lux 0.0008Lux, TVS 6000V protection, Audio I/O 1/1, Alarm I/O 8/2, RS-485, Wiper, White light, Green Laser, Built-in speaker, Face capture mode, Human/vehicle classification, MicroSD card 512GB, Onvif Profile S/T, IP66','https://bsg-i.nbxc.com/product/69/a8/58/581750fa0d8c6e1b21933a3336.png',NULL,'{"lens": "44X", "series": "PTZ", "resolution": "5MP", "ir_distance": "180m", "autotracking": true}'::jsonb,'f','168','TC-H356V','1624.00','ILS','19','1','t','2026-05-30 14:37:04.534095+00','2026-05-30 14:37:04.534095+00',NULL,'0','1624.00'),
('f0441e14-003e-4df4-96e8-0f3090f0b0ee','42f27ddf-2a90-41b8-a4f8-efe40e1b1597','tc-c321n-1anb-28','TC-C321N 1ANB-28','Color Maker · 2MP · Fixed 2.8mm','Support ONVIF, Plastic Housing, Up to 1920x1080@30fps, S+265/H.265/H.264, Color:0.02Lux, B/W:0Lux with IR, Smart IR Range 30m, Built-in Mic, Operating Conditions -30 to 60C, PoE, IP67','https://bsg-i.nbxc.com/product/cd/04/a3/9f2ad5227efcaf623c6d3594b4.png',NULL,'{"wdr": "DWDR", "lens": "Fixed 2.8mm", "series": "Color Maker", "resolution": "2MP"}'::jsonb,'f','184','TC-C321N-1ANB-28','458.00','ILS','53','1','t','2026-05-30 14:37:04.534095+00','2026-05-30 14:37:04.534095+00',NULL,'0','458.00'),
('222cc72d-5704-406c-ba4b-63ce66a01b41','42f27ddf-2a90-41b8-a4f8-efe40e1b1597','tc-c321n-1anb-4','TC-C321N 1ANB-4','Color Maker · 2MP · Fixed 4mm','Support ONVIF, Plastic Housing, Up to 1920x1080@30fps, S+265/H.265/H.264, Color:0.02Lux, B/W:0Lux with IR, Smart IR Range 30m, Built-in Mic, Operating Conditions -30 to 60C, PoE, IP67','https://bsg-i.nbxc.com/product/cd/04/a3/9f2ad5227efcaf623c6d3594b4.png',NULL,'{"wdr": "DWDR", "lens": "Fixed 4mm", "series": "Color Maker", "resolution": "2MP"}'::jsonb,'f','185','TC-C321N-1ANB-4','462.00','ILS','17','1','t','2026-05-30 14:37:04.534095+00','2026-05-30 14:37:04.534095+00',NULL,'0','462.00'),
('91837ec3-1e9b-413d-954a-9181b3ef5f17','42f27ddf-2a90-41b8-a4f8-efe40e1b1597','tc-c320n-1anb-28','TC-C320N 1ANB-28','Color Maker · 2MP · Fixed 2.8mm','Support ONVIF, Plastic Housing, Up to 1920x1080@30fps, S+265/H.265/H.264, 2 white lights, Built-in Mic, Operating Conditions -30 to 60C, PoE','https://bsg-i.nbxc.com/product/88/2e/dc/fa52a71fa1c4e13cbd996bd0f0.png',NULL,'{"wdr": "DWDR", "lens": "Fixed 2.8mm", "series": "Color Maker", "resolution": "2MP"}'::jsonb,'f','186','TC-C320N-1ANB-28','456.00','ILS','51','1','t','2026-05-30 14:37:04.534095+00','2026-05-30 14:37:04.534095+00',NULL,'0','456.00'),
('5d540887-720a-4ec0-aa13-3540af4d177e','42f27ddf-2a90-41b8-a4f8-efe40e1b1597','tc-r3104','TC-R3104 Spec:I/B/P4/C/Eu/L/S','AK NVR · 4CH PoE · 1HDD','4-ch, 60Mbps/40Mbps, recording resolution up to 5MP, decoding ability 1x5MP, 2x1080p, 4x720p, video output: 1 HDMI output, USB interface: 2xUSB 2.0, Aluminum Plastic housing','https://bsg-i.nbxc.com/product/a4/8d/e9/47b2b93f0a133f3a533c5e07c2.png',NULL,'{"hdd": "1HDD", "series": "AK NVR", "channels": "4CH PoE", "bandwidth": "60Mbps/40Mbps", "recording_resolution": "Up to 5MP"}'::jsonb,'f','197','TC-R3104','1263.00','ILS','38','1','t','2026-05-30 14:37:04.534095+00','2026-05-30 14:37:04.534095+00',NULL,'0','1263.00'),
('2b7c06d7-b18f-4833-b6b0-d3e1c925da87','42f27ddf-2a90-41b8-a4f8-efe40e1b1597','tc-r3108','TC-R3108 Spec:I/B/P8/C/Eu/L/S','AK NVR · 8CH PoE · 1HDD','8-ch, 60Mbps/40Mbps, recording resolution up to 6MP, decoding ability 1x6MP, 4x1080p, 8x720p, video output: 1 HDMI output, USB interface: 2xUSB 2.0, Aluminum Plastic housing','https://bsg-i.nbxc.com/product/a4/8d/e9/47b2b93f0a133f3a533c5e07c2.png',NULL,'{"hdd": "1HDD", "series": "AK NVR", "channels": "8CH PoE", "bandwidth": "60Mbps/40Mbps", "recording_resolution": "Up to 6MP"}'::jsonb,'f','198','TC-R3108','1276.00','ILS','51','1','t','2026-05-30 14:37:04.534095+00','2026-05-30 14:37:04.534095+00',NULL,'0','1276.00'),
('6a04a3fd-6577-4062-a374-3a0aebcb3dfa','06544454-0980-4bac-accd-6738ff2bc7d7','tc-p3s010','TC-P3S010 Spec:H/0820/AT/90','PoE Switch · 8+2 Ports','8x10/100Mbps PoE Ports + 2x100/1000Mbps RJ45 Uplink Ports','https://bsg-i.nbxc.com/product/40/87/e9/3172a7b0a39bcb24cca85dd7ae.jpg',NULL,'{"ports": "8 PoE + 2 Uplink", "series": "PoE Switch"}'::jsonb,'f','111','TC-P3S010','593.00','ILS','28','1','t','2026-05-30 14:37:04.534095+00','2026-05-30 14:37:04.534095+00',NULL,'0','593.00'),
('42166ccc-843e-4d4d-bfaa-7188e254c27b','06544454-0980-4bac-accd-6738ff2bc7d7','tc-p3s010-2','TC-P3S010 Spec:G/0820/AT/110','PoE Switch · 8+2 Gigabit','8 gigabit PoE network ports + 2 gigabit network ports','https://bsg-i.nbxc.com/product/f9/96/91/119f6f020ceb054257396b70df.jpg',NULL,'{"ports": "8 Gigabit PoE + 2 Gigabit", "series": "PoE Switch"}'::jsonb,'f','112','TC-P3S010-2','544.00','ILS','19','1','t','2026-05-30 14:37:04.534095+00','2026-05-30 14:37:04.534095+00',NULL,'0','544.00'),
('4eb4505e-78a9-4970-bfa1-7a9d37cd9158','06544454-0980-4bac-accd-6738ff2bc7d7','tc-p3s019','TC-P3S019 Spec:H/1621/AT/180','PoE Switch · 16+2+1 Ports','16FE + 2GE + 1SFP, color package','https://bsg-i.nbxc.com/product/a6/1f/f6/abbd60b3737e0552e6b370a2ac.jpg',NULL,'{"ports": "16FE + 2GE + 1SFP", "series": "PoE Switch"}'::jsonb,'f','113','TC-P3S019','504.00','ILS','19','1','t','2026-05-30 14:37:04.534095+00','2026-05-30 14:37:04.534095+00',NULL,'0','504.00'),
('12ca3e29-5205-46b6-95b0-7c65430ffd26','06544454-0980-4bac-accd-6738ff2bc7d7','tc-p3s020','TC-P3S020 Spec:G/1622/AT/180','PoE Switch · 16+2+2 Gigabit','16x 10/100/1000M PoE Ports + 2x Gigabit Uplink + 2x Gigabit SFP Ports','https://bsg-i.nbxc.com/product/d3/c0/7a/6c78356fc504fce0b6eeee9886.jpg',NULL,'{"ports": "16 Gigabit PoE + 2 Uplink + 2 SFP", "series": "PoE Switch"}'::jsonb,'f','114','TC-P3S020','617.00','ILS','52','1','t','2026-05-30 14:37:04.534095+00','2026-05-30 14:37:04.534095+00',NULL,'0','617.00'),
('015106ab-105b-4ab8-bcd3-2266255491aa','06544454-0980-4bac-accd-6738ff2bc7d7','tc-p3s027','TC-P3S027 Spec:H/2421/AT/260','PoE Switch · 24+2+1 Ports','24FE + 2GE + 1SFP, color package','https://bsg-i.nbxc.com/product/94/bd/b0/b77055856ab9bc9b8b548f21e7.jpg',NULL,'{"ports": "24FE + 2GE + 1SFP", "series": "PoE Switch"}'::jsonb,'f','115','TC-P3S027','561.00','ILS','36','1','t','2026-05-30 14:37:04.534095+00','2026-05-30 14:37:04.534095+00',NULL,'0','561.00'),
('bf0f0dd8-4e51-465f-ae29-1711cf2a3795','06544454-0980-4bac-accd-6738ff2bc7d7','tc-p3s028','TC-P3S028 Spec:G/2422/AT/280','PoE Switch · 24+2+2 Gigabit','24x 10/100/1000M PoE Ports + 2x Gigabit Uplink + 2x Gigabit SFP Ports','https://bsg-i.nbxc.com/product/a8/c5/9e/82f17ddfd1c539e7c2c5b89ba7.jpg',NULL,'{"ports": "24 Gigabit PoE + 2 Uplink + 2 SFP", "series": "PoE Switch"}'::jsonb,'f','116','TC-P3S028','549.00','ILS','24','1','t','2026-05-30 14:37:04.534095+00','2026-05-30 14:37:04.534095+00',NULL,'0','549.00'),
('824bf98e-3df6-4347-b7c8-84d7e5bf6c7c','3f709024-1468-4a8b-986f-54e9876fc310','tc-h322a','TC-H322A Spec:I2W/WIFI/Eu/4mm','astronaut · 2MP · 4mm','Plastic housing, Up to 2MP 1920x1080@20fps, S+265/H.265/H.264, Color:0.02Lux, IR up to 15m, Built-in Mic, Speaker, microSD card up to 512GB, DC5V, WiFi','https://bsg-i.nbxc.com/product/44/34/f6/9fe1d8dfa8fb5d14619e4e27ad.png',NULL,'{"lens": "4MM", "series": "astronaut", "wireless": true, "resolution": "2MP"}'::jsonb,'f','122','TC-H322A','424.00','ILS','19','1','t','2026-05-30 14:37:04.534095+00','2026-05-30 14:37:04.534095+00',NULL,'0','424.00'),
('bf1b5bc6-a9c8-44c3-9f90-6d40d1c768ad','3f709024-1468-4a8b-986f-54e9876fc310','tc-h332a','TC-H332A Spec:I2W/WIFI/Eu/4mm','astronaut · 3MP · 4mm','1/3" CMOS, F2.0 Fixed Iris, Digital WDR, Up to 2304x1296@20fps, IR Range 15m, Built-in Mic/Speaker, One-touch calling, Privacy Mode, WiFi, Support Human Detection and Tracking, DC5V, European standard power adapter','https://bsg-i.nbxc.com/product/1e/5b/c6/8c19ad8d4609df3b918dfe35af.png',NULL,'{"lens": "4mm", "series": "astronaut", "wireless": true, "resolution": "3MP"}'::jsonb,'f','173','TC-H332A','549.00','ILS','24','1','t','2026-05-30 14:37:04.534095+00','2026-05-30 14:37:04.534095+00',NULL,'0','549.00'),
('1d52b205-c626-4011-ba33-994331624b8e','3f709024-1468-4a8b-986f-54e9876fc310','tc-h342a','TC-H342A Spec:I2W/WIFI/Eu/4mm','astronaut · 4MP · 4mm','Plastic housing, 4MP 2560x1440@20fps, S+265/H.265/H.264, 0.02Lux, IR 15m, Built-in Mic, Speaker, microSD card up to 512GB, DC5V, WiFi','https://bsg-i.nbxc.com/product/1e/5b/c6/8c19ad8d4609df3b918dfe35af.png',NULL,'{"lens": "4mm", "series": "astronaut", "wireless": true, "resolution": "4MP"}'::jsonb,'f','123','TC-H342A','654.00','ILS','29','1','t','2026-05-30 14:37:04.534095+00','2026-05-30 14:37:04.534095+00',NULL,'0','654.00'),
('4ce70940-2fe2-4670-ba11-e31f2d8c2d13','3f709024-1468-4a8b-986f-54e9876fc310','tc-h322n-9da-4','TC-H322N 9DA-4','homeuse · 2MP · 4mm','Plastic housing, 2MP 1920x1080@30fps, S+265/H.265/H.264, 0.02Lux, IR 15m, Built-in Mic, Speaker, microSD card up to 512GB, DC5V USB type-C, WiFi','https://bsg-i.nbxc.com/product/a7/ac/29/72ad803babb3d1a33e88a4258e.png',NULL,'{"lens": "4mm", "series": "homeuse", "wireless": true, "resolution": "2MP"}'::jsonb,'f','134','TC-H322N-9DA-4','421.00','ILS','16','1','t','2026-05-30 14:37:04.534095+00','2026-05-30 14:37:04.534095+00',NULL,'0','421.00'),
('d22d3c15-ea47-4f14-8313-2a95fa67a174','3f709024-1468-4a8b-986f-54e9876fc310','tc-h332n-9da-4','TC-H332N 9DA-4','homeuse · 3MP · 4mm','1/3" CMOS, F2.0 Fixed Iris, Digital WDR, Up to 2304x1296@20fps, IR Range 15m, Built-in Mic/Speaker, Privacy Mode, WiFi, Support Human Detection and Tracking, DC5V USB type-C, European standard power adapter','https://bsg-i.nbxc.com/product/a7/ac/29/72ad803babb3d1a33e88a4258e.png',NULL,'{"lens": "4mm", "series": "homeuse", "wireless": true, "resolution": "3MP"}'::jsonb,'f','174','TC-H332N-9DA-4','617.00','ILS','52','1','t','2026-05-30 14:37:04.534095+00','2026-05-30 14:37:04.534095+00',NULL,'0','617.00'),
('231874ae-cb81-4cd1-a254-837860aaa59c','3f709024-1468-4a8b-986f-54e9876fc310','tc-h342n-9da-4','TC-H342N 9DA-4','homeuse · 4MP · 4mm','Plastic housing, 4MP 2560x1440@20fps, S+265/H.265/H.264, 0.02Lux, IR 15m, Built-in Mic, Speaker, microSD card up to 512GB, DC5V USB type-C, WiFi','https://bsg-i.nbxc.com/product/a7/ac/29/72ad803babb3d1a33e88a4258e.png',NULL,'{"lens": "4mm", "series": "homeuse", "wireless": true, "resolution": "4MP"}'::jsonb,'f','135','TC-H342N-9DA-4','583.00','ILS','38','1','t','2026-05-30 14:37:04.534095+00','2026-05-30 14:37:04.534095+00',NULL,'0','583.00'),
('1eb440bc-3d60-4b50-be38-ef05f077ded7','3f709024-1468-4a8b-986f-54e9876fc310','tc-h333n','TC-H333N Spec:I5W/C/WIFI/Eu/4mm/V4.2','PT · 3MP · 4mm','1/2.9" CMOS, F1.6 Fixed Iris, Digital WDR, Up to 2304x1296@25fps, IR Range 50m, Built-in Mic/Speaker, WiFi, Support Human Detection and Tracking, DC12V, European standard power adapter','https://bsg-i.nbxc.com/product/0a/20/24/bf3b50dc5b7f5cf041274a31d2.png',NULL,'{"lens": "4mm", "series": "PT", "wireless": true, "resolution": "3MP"}'::jsonb,'f','136','TC-H333N','615.00','ILS','50','1','t','2026-05-30 14:37:04.534095+00','2026-05-30 14:37:04.534095+00',NULL,'0','615.00'),
('b85109a2-0b91-463b-82ad-12d09ec73011','3f709024-1468-4a8b-986f-54e9876fc310','tc-h353n','TC-H353N Spec:I5W/C/WIFI/Eu/4mm/V4.2','PT · 5MP · 4mm','1/2.7" CMOS, F1.6 Fixed Iris, Digital WDR, Up to 2880x1620@20fps, IR Range 50m, Built-in Mic/Speaker, WiFi, Support Human Detection and Tracking, DC12V, European standard power adapter','https://bsg-i.nbxc.com/product/0a/20/24/bf3b50dc5b7f5cf041274a31d2.png',NULL,'{"lens": "4mm", "series": "PT", "wireless": true, "resolution": "5MP"}'::jsonb,'f','170','TC-H353N','768.00','ILS','23','1','t','2026-05-30 14:37:04.534095+00','2026-05-30 14:37:04.534095+00',NULL,'0','768.00'),
('061031f8-fbbe-4f61-ba1f-35e06be1354d','3f709024-1468-4a8b-986f-54e9876fc310','tc-c34qn','TC-C34QN Spec:I5W/WIFI/Eu/2.8mm/V4.0','S+265 · 4MP · 2.8mm','1/2.8" CMOS, Built-in Mic and speaker, Metal+Plastic housing, Wi-Fi, European standard power adapter','https://bsg-i.nbxc.com/product/18/bb/52/f4aecf6b3311cf9c608189e203.png',NULL,'{"lens": "2.8mm", "series": "S+265", "wireless": true, "resolution": "4MP"}'::jsonb,'f','126','TC-C34QN','582.00','ILS','37','1','t','2026-05-30 14:37:04.534095+00','2026-05-30 14:37:04.534095+00',NULL,'0','582.00'),
('830f8b3b-97e7-4139-959a-46533edb8253','3f709024-1468-4a8b-986f-54e9876fc310','tc-c34qn-2','TC-C34QN Spec:I5W/WIFI/Eu/4mm/V4.0','S+266 · 4MP · 4mm','Metal+plastic housing, Up to 4MP 2560x1440@20fps, S+265/H.265/H.264, 0.02Lux, IR 50m, Built-in Mic, Speaker, microSD card up to 512GB, DC12V, WiFi, IP66','https://bsg-i.nbxc.com/product/18/bb/52/f4aecf6b3311cf9c608189e203.png',NULL,'{"lens": "4mm", "series": "S+266", "wireless": true, "resolution": "4MP"}'::jsonb,'f','127','TC-C34QN-2','560.00','ILS','15','1','t','2026-05-30 14:37:04.534095+00','2026-05-30 14:37:04.534095+00',NULL,'0','560.00'),
('8097d385-1b6f-4184-bb6e-b6f9a32d0358','3f709024-1468-4a8b-986f-54e9876fc310','tc-h363n','TC-H363N Spec:I5W/WIFI/Eu/4mm/V4.0','PT · 3MP · 4mm','Plastic housing, Panorama 3MP 2304x1296@15fps + Detail 3MP 2304x1296@15fps, S+265/H.265/H.264, 0.02Lux, IR 50m, Built-in Mic, Speaker, microSD card up to 512GB, DC12V, WiFi, IP66','https://bsg-i.nbxc.com/product/5f/8c/dc/d0903f0ac44a3b3df2d071770b.png',NULL,'{"lens": "4mm", "type": "Dual-lens", "series": "PT", "wireless": true, "resolution": "3MP"}'::jsonb,'f','132','TC-H363N','539.00','ILS','54','1','t','2026-05-30 14:37:04.534095+00','2026-05-30 14:37:04.534095+00',NULL,'0','539.00'),
('15171a6c-ee3b-42e3-8581-4b171727891c','3f709024-1468-4a8b-986f-54e9876fc310','tc-c32cn','TC-C32CN Spec:I3W/U/WIFI/2.8mm/V4.0','Battery · 2MP · 2.8mm','Plastic housing, 2MP 1920x1080@25fps, S+265/H.265/H.264, 0.02Lux, IR 30m, Built-in Mic, Speaker, microSD card up to 512GB, DC5V/2A, 5200mAh battery, IP65','https://bsg-i.nbxc.com/product/aa/06/1c/023c99aa2d90b383c927a744f0.png',NULL,'{"lens": "2.8mm", "series": "Battery", "battery": "5200mAh", "wireless": true, "resolution": "2MP"}'::jsonb,'f','128','TC-C32CN','507.00','ILS','22','1','t','2026-05-30 14:37:04.534095+00','2026-05-30 14:37:04.534095+00',NULL,'0','507.00'),
('1fbb4be9-178f-499c-b556-24b13c922875','3f709024-1468-4a8b-986f-54e9876fc310','tc-h363u','TC-H363U Spec:W/4G/U/SE/4mm/V4.0','PT · 6MP · Fixed 4mm','Plastic housing, Panorama 3MP + Detail 3MP 2304x1296@15fps, S+265/H.265/H.264, 0.002Lux, IR 30m, Built-in Mic, Speaker, microSD card up to 512GB, DC5V/2A, 10400mAh battery, IP65, Nano SIM card slot, Support 4G LTE FDD/LTE TDD, Solar panel included','https://bsg-i.nbxc.com/product/d4/86/d2/d28f8104fd55028202e7f4e59d.png',NULL,'{"lens": "Fixed 4mm", "solar": true, "series": "PT", "battery": "10400mAh", "wireless": true, "resolution": "6MP", "connectivity": "4G LTE"}'::jsonb,'f','129','TC-H363U','559.00','ILS','34','1','t','2026-05-30 14:37:04.534095+00','2026-05-30 14:37:04.534095+00',NULL,'0','559.00'),
('de0a593a-4579-404f-b565-13ebc0904d8b','3f709024-1468-4a8b-986f-54e9876fc310','tc-h363u-9da-4','TC-H363U 9DA-4','Solar PT · 6MP · 4mm','1/2.9" CMOS, F1.0+F1.0, 0.002Lux, 3MP+3MP, Built-in Mic and speaker, Plastic Housing, Smart AOV, only support 4G, ETFE Solar panel, USB-C connector, 10400mAH','https://bsg-i.nbxc.com/product/d4/86/d2/d28f8104fd55028202e7f4e59d.png',NULL,'{"lens": "4mm", "solar": true, "series": "Solar PT", "battery": "10400mAh", "wireless": true, "resolution": "6MP", "connectivity": "4G"}'::jsonb,'f','172','TC-H363U-9DA-4','581.00','ILS','16','1','t','2026-05-30 14:37:04.534095+00','2026-05-30 14:37:04.534095+00',NULL,'0','581.00'),
('7c90f9bb-b289-4bf8-b582-c21e51892683','3f709024-1468-4a8b-986f-54e9876fc310','tc-h333k','TC-H333K Spec:AK/I5W/WIFI/Eu/4mm','PT · 3MP · 4mm','1/2.8" CMOS, F1.6 Fixed Iris, Digital WDR, Up to 2304x1296@20fps, IR Range 50m, Built-in Mic/Speaker, WiFi, Support Human Detection and Tracking, DC12V, European standard power adapter','https://bsg-i.nbxc.com/product/8b/6c/ca/c8c13a3fe3db45e8077c698c71.png',NULL,'{"lens": "4mm", "series": "PT", "wireless": true, "resolution": "3MP"}'::jsonb,'f','169','TC-H333K','586.00','ILS','21','1','t','2026-05-30 14:37:04.534095+00','2026-05-30 14:37:04.534095+00',NULL,'0','586.00'),
('168147c3-f636-4080-9eee-1fe85f62bd94','3f709024-1468-4a8b-986f-54e9876fc310','tc-h333k-9da-4','TC-H333K 9DA-4','Solar PT · 3MP · 4mm','1/3" CMOS, F1.6, 0.002Lux, 3MP, Built-in Mic and speaker, Plastic Housing, Smart AOV, only support 4G, ETFE Solar panel, USB-C connector, 5200mAH','https://bsg-i.nbxc.com/product/8b/6c/ca/c8c13a3fe3db45e8077c698c71.png',NULL,'{"lens": "4mm", "solar": true, "series": "Solar PT", "battery": "5200mAh", "wireless": true, "resolution": "3MP", "connectivity": "4G"}'::jsonb,'f','171','TC-H333K-9DA-4','585.00','ILS','20','1','t','2026-05-30 14:37:04.534095+00','2026-05-30 14:37:04.534095+00',NULL,'0','585.00'),
('693b4661-fdcf-4c0a-9590-ae0b116d8c20','3f709024-1468-4a8b-986f-54e9876fc310','tc-h343k-9da-4','TC-H343K 9DA-4','Solar PT · 4MP · 4mm','1/3" CMOS, F1.6, 0.002Lux, 4MP, Built-in Mic and speaker, Plastic Housing, Smart AOV, only support 4G, ETFE Solar panel, USB-C connector, 5200mAH','https://bsg-i.nbxc.com/product/8b/6c/ca/c8c13a3fe3db45e8077c698c71.png',NULL,'{"lens": "4mm", "solar": true, "series": "Solar PT", "battery": "5200mAh", "wireless": true, "resolution": "4MP", "connectivity": "4G"}'::jsonb,'f','177','TC-H343K-9DA-4','601.00','ILS','16','1','t','2026-05-30 14:37:04.534095+00','2026-05-30 14:37:04.534095+00',NULL,'0','601.00'),
('f42f1272-8c1b-4b7b-a7e1-5b5d804d8d4a','1ebd395c-f8ff-45ec-8ff2-27e4fe8112df','tc-h324s-2','TC-H324S Spec:25X/I/E/A/V/V3.0','PTZ · 2MP · 25X','PoE+, Autotracking, 1/2.8" Starlight sensor, 1080P@30fps, 150m IR, 25x optical zoom, Speed 0.1-200/s, Low Lux 0.001Lux, TVS 6000V protection, Audio I/O 1/1, Alarm I/O 1/1, Face capture mode, Human/vehicle classification, MicroSD card 512GB, Onvif Profile S/T/G/M, IP66','https://bsg-i.nbxc.com/product/69/a8/58/581750fa0d8c6e1b21933a3336.png',NULL,'{"lens": "25X", "series": "PTZ", "resolution": "2MP", "ir_distance": "150m", "autotracking": true}'::jsonb,'f','92','TC-H324S-2','1325.00','ILS','20','1','t','2026-05-30 14:35:55.126593+00','2026-05-30 14:35:55.126593+00',NULL,'0','1325.00') ON CONFLICT (id) DO NOTHING;
